Workbook

Sheet Read_Me
A1: field | B1: value
A2: Workbook | B2: technical_findings_matrix.xlsx
A3: Package ID | B3: CU-JULY-2026-QUAL
A4: Prepared by | B4: OpenAI Codex
A5: Prepared date (UTC) | B5: 46227
A6: Model purpose | B6: Technical findings model built directly from source_register.xlsx.
A7: Population rule | B7: Inputs rows 2–75 are the same 74 evidence records from Source_Register; record IDs are not regenerated and every row links back to the exact source-register row.
A8: Evidence priority | B8: Use measured values where available; flag literature-only values as unverified.
A9: Condition rule | B9: Only values matching PROTO-CU-77 conditions enter the condition-matched evidence calculation. Mismatched conditions remain registered but excluded.
A10: Chemistry rule | B10: Chemistry is separate. The lowest applicable published limit governs; a dated, narrowly scoped approved waiver changes acceptance only for its named lot/impurity.
A11: Identity rule | B11: Unresolved aliases remain in Inputs but are excluded from property comparisons. Chemistry may still be evaluated by declared lot/application scope.
A12: Anchor rule | B12: Inputs carries three anchors per evidence row: the exact Source_Register row, the underlying source file, and the precise source-register detail row; external DOI/ARK/AFLOW anchors are also retained.
A13: Sheet flow | B13: Read_Me → Inputs → Calculations → Scenarios → Outputs → Checks.
A14: Editability | B14: All input and output tables are ordinary editable Excel tables with filters; no worksheet is protected and no screenshots are embedded.
A15: Calculation chain | B15: Chemistry PASS/FAIL and formula-selected protocol matches feed the trace-resistance margin and configured lot risk score.
A16: Sensitivity rule | B16: Scenarios reuse the same Inputs and formulas; only the stated waiver, PCN, or service-temperature switch changes.
A17: Formula visibility | B17: Recalculation cells contain live formulas. Checks / Visible formula audit displays the key formula expressions beside their current results.
... A19: Type control | B19: Dates are Excel dates; percentages and engineering values remain numeric with unit columns or numeric formats; scenarios include explicit row checks.

Sheet Inputs
A1: source_register_row | B1: source_register_anchor | C1: record_id | D1: canonical_material_id | E1: canonical_formula_or_name | F1: lot_id | G1: trace_id | H1: source_family | I1: source_file_anchor | J1: workbook_detail_anchor | K1: external_evidence_anchor | L1: inclusion_status | M1: source_quality_flag | N1: canonical_material_name | O1: evidence_class | P1: property_or_claim | Q1: value | R1: unit | S1: test_temperature_c | T1: test_pressure_kpa | U1: test_strain_rate_s_inv | V1: method_or_structure | W1: source_document_id | X1: source_record_id | Y1: input_alias_or_oxidation_notation | Z1: resolution_type | AA1: resolution_status | AB1: resolution_detail | AC1: exception_applicable | AD1: exception_type | AE1: exception_document_id | AF1: exception_author | AG1: exception_date | AH1: exception_scope | AI1: overridden_clause_or_limit | AJ1: exception_value | AK1: exception_unit | AL1: source_path | AM1: detail_sheet | AN1: detail_row | AO1: inclusion_reason | AP1: notes | AQ1: payload_oxygen_ppm | AR1: payload_sulfur_ppm | AS1: payload_lead_ppm | AT1: payload_bismuth_ppm | AU1: payload_iron_ppm | AV1: payload_nickel_ppm | AW1: payload_length_mm | AX1: payload_width_um | AY1: payload_thickness_um | AZ1: payload_sample_count
A2: 2 | B2: Source_Register row 2 | C2: aflow:19ae1fff932d1df8 | D2: MAT-AGALCU-INCL | E2: Ag-Al-Cu — Ag-Al-Cu AFLOW inclusions | H2: AFLOW | I2: CAT-AFLOW · aflow_conductor_slice.csv | J2: AFLOW_Slice · row 2 | K2: aflowlib.duke.edu:AFLOWDATA/LIB3_WEB/AgAlCu_pv/TBCC001.ABC | L2: included_supporting_evidence | M2: curated AFLOW snapshot; computational structure/formation values; formula-level support only | N2: Ag-Al-Cu AFLOW inclusions | O2: AFLOW catalog | P2: computed structure/properties | V2: space group 42; Pearson oF12 | W2: CAT-AFLOW | X2: aflow:19ae1fff932d1df8 | Z2: none | AA2: comparator/identity context; not a July release material | AB2: No alias or oxidation notation appears on this evidence row. | AC2: No | AL2: data/data/catalog/aflow_conductor_slice.csv | AM2: AFLOW_Slice | AN2: 2 | AO2: Retained for identity, source, scope, or design traceability.
A3: 3 | B3: Source_Register row 3 | C3: aflow:53725bf233e77afc | D3: MAT-AGALCU-INCL | E3: Ag-Al-Cu — Ag-Al-Cu AFLOW inclusions | H3: AFLOW | I3: CAT-AFLOW · aflow_conductor_slice.csv | J3: AFLOW_Slice · row 3 | K3: aflowlib.duke.edu:AFLOWDATA/LIB3_WEB/AgAlCu_pv/TBCC003.ABC | L3: included_supporting_evidence | M3: curated AFLOW snapshot; computational structure/formation values; formula-level support only | N3: Ag-Al-Cu AFLOW inclusions | O3: AFLOW catalog | P3: computed structure/properties | V3: space group 107; Pearson tI6 | W3: CAT-AFLOW | X3: aflow:53725bf233e77afc | Z3: none | AA3: comparator/identity context; not a July release material | AB3: No alias or oxidation notation appears on this evidence row. | AC3: No | AL3: data/data/catalog/aflow_conductor_slice.csv | AM3: AFLOW_Slice | AN3: 3 | AO3: Retained for identity, source, scope, or design traceability.
A4: 4 | B4: Source_Register row 4 | C4: aflow:65ad75192503ef40 | D4: MAT-AGALCU-INCL | E4: Ag-Al-Cu — Ag-Al-Cu AFLOW inclusions | H4: AFLOW | I4: CAT-AFLOW · aflow_conductor_slice.csv | J4: AFLOW_Slice · row 4 | K4: aflowlib.duke.edu:AFLOWDATA/LIB3_WEB/AgAlCu_pv/TFCC003.ABC | L4: included_supporting_evidence | M4: curated AFLOW snapshot; computational structure/formation values; formula-level support only | N4: Ag-Al-Cu AFLOW inclusions | O4: AFLOW catalog | P4: computed structure/properties | V4: space group 107; Pearson tI6 | W4: CAT-AFLOW | X4: aflow:65ad75192503ef40 | Z4: none | AA4: comparator/identity context; not a July release material | AB4: No alias or oxidation notation appears on this evidence row. | AC4: No | AL4: data/data/catalog/aflow_conductor_slice.csv | AM4: AFLOW_Slice | AN4: 4 | AO4: Retained for identity, source, scope, or design traceability.
A5: 5 | B5: Source_Register row 5 | C5: aflow:aca47c434f9e2dc8 | D5: MAT-AGALCU-INCL | E5: Ag-Al-Cu — Ag-Al-Cu AFLOW inclusions | H5: AFLOW | I5: CAT-AFLOW · aflow_conductor_slice.csv | J5: AFLOW_Slice · row 5 | K5: aflowlib.duke.edu:AFLOWDATA/LIB3_WEB/AgAlCu_pv/TFCC002.ABC | L5: included_supporting_evidence | M5: curated AFLOW snapshot; computational structure/formation values; formula-level support only | N5: Ag-Al-Cu AFLOW inclusions | O5: AFLOW catalog | P5: computed structure/properties | V5: space group 44; Pearson oI6 | W5: CAT-AFLOW | X5: aflow:aca47c434f9e2dc8 | Z5: none | AA5: comparator/identity context; not a July release material | AB5: No alias or oxidation notation appears on this evidence row. | AC5: No | AL5: data/data/catalog/aflow_conductor_slice.csv | AM5: AFLOW_Slice | AN5: 5 | AO5: Retained for identity, source, scope, or design traceability.
A6: 6 | B6: Source_Register row 6 | C6: aflow:58ef78db88741d84 | D6: MAT-AGALCU-INCL | E6: Ag-Al-Cu — Ag-Al-Cu AFLOW inclusions | H6: AFLOW | I6: CAT-AFLOW · aflow_conductor_slice.csv | J6: AFLOW_Slice · row 6 | K6: aflowlib.duke.edu:AFLOWDATA/LIB3_WEB/AgAlCu_pv/TBCC011.CAB | L6: included_supporting_evidence | M6: curated AFLOW snapshot; computational structure/formation values; formula-level support only | N6: Ag-Al-Cu AFLOW inclusions | O6: AFLOW catalog | P6: computed structure/properties | V6: space group 123; Pearson tP4 | W6: CAT-AFLOW | X6: aflow:58ef78db88741d84 | Z6: none | AA6: comparator/identity context; not a July release material | AB6: No alias or oxidation notation appears on this evidence row. | AC6: No | AL6: data/data/catalog/aflow_conductor_slice.csv | AM6: AFLOW_Slice | AN6: 6 | AO6: Retained for identity, source, scope, or design traceability.
A7: 7 | B7: Source_Register row 7 | C7: aflow:bc7191682427e0db | D7: MAT-AGALCU-INCL | E7: Ag-Al-Cu — Ag-Al-Cu AFLOW inclusions | H7: AFLOW | I7: CAT-AFLOW · aflow_conductor_slice.csv | J7: AFLOW_Slice · row 7 | K7: aflowlib.duke.edu:AFLOWDATA/LIB3_WEB/AgAlCu_pv/TFCC010.CAB | L7: included_supporting_evidence | M7: curated AFLOW snapshot; computational structure/formation values; formula-level support only | N7: Ag-Al-Cu AFLOW inclusions | O7: AFLOW catalog | P7: computed structure/properties | V7: space group 47; Pearson oP4 | W7: CAT-AFLOW | X7: aflow:bc7191682427e0db | Z7: none | AA7: comparator/identity context; not a July release material | AB7: No alias or oxidation notation appears on this evidence row. | AC7: No | AL7: data/data/catalog/aflow_conductor_slice.csv | AM7: AFLOW_Slice | AN7: 7 | AO7: Retained for identity, source, scope, or design traceability.
A8: 8 | B8: Source_Register row 8 | C8: aflow:e96a2b45334f7475 | D8: MAT-AGALCU-INCL | E8: Ag-Al-Cu — Ag-Al-Cu AFLOW inclusions | H8: AFLOW | I8: CAT-AFLOW · aflow_conductor_slice.csv | J8: AFLOW_Slice · row 8 | K8: aflowlib.duke.edu:AFLOWDATA/LIB3_WEB/AgAlCu_pv/TFCC012.CAB | L8: included_supporting_evidence | M8: curated AFLOW snapshot; computational structure/formation values; formula-level support only | N8: Ag-Al-Cu AFLOW inclusions | O8: AFLOW catalog | P8: computed structure/properties | V8: space group 123; Pearson tP4 | W8: CAT-AFLOW | X8: aflow:e96a2b45334f7475 | Z8: none | AA8: comparator/identity context; not a July release material | AB8: No alias or oxidation notation appears on this evidence row. | AC8: No | AL8: data/data/catalog/aflow_conductor_slice.csv | AM8: AFLOW_Slice | AN8: 8 | AO8: Retained for identity, source, scope, or design traceability.
A9: 9 | B9: Source_Register row 9 | C9: aflow:c3d5872edfcfea9b | D9: MAT-AGALCU-INCL | E9: Ag-Al-Cu — Ag-Al-Cu AFLOW inclusions | H9: AFLOW | I9: CAT-AFLOW · aflow_conductor_slice.csv | J9: AFLOW_Slice · row 9 | K9: aflowlib.duke.edu:AFLOWDATA/LIB3_WEB/AgAlCu_pv/TFCC005.BCA | L9: included_supporting_evidence | M9: curated AFLOW snapshot; computational structure/formation values; formula-level support only | N9: Ag-Al-Cu AFLOW inclusions | O9: AFLOW catalog | P9: computed structure/properties | V9: space group 25; Pearson oP4 | W9: CAT-AFLOW | X9: aflow:c3d5872edfcfea9b | Z9: none | AA9: comparator/identity context; not a July release material | AB9: No alias or oxidation notation appears on this evidence row. | AC9: No | AL9: data/data/catalog/aflow_conductor_slice.csv | AM9: AFLOW_Slice | AN9: 9 | AO9: Retained for identity, source, scope, or design traceability.
A10: 10 | B10: Source_Register row 10 | C10: aflow:query-snapshot-cu-a1-202607 | D10: MAT-CU-C101 | E10: Cu — C10100 OFHC copper | H10: AFLOW | I10: CAT-AFLOW · aflow_conductor_slice.csv | J10: AFLOW_Slice · row 10 | K10: AFLOW A1 copper query snapshot supplied with July conductor package | L10: included_supporting_evidence | M10: curated AFLOW snapshot; computational structure/formation values; formula-level support only | N10: C10100 OFHC copper | O10: AFLOW catalog | P10: computed structure/properties | V10: space group 225; Pearson cF4 | W10: CAT-AFLOW | X10: aflow:query-snapshot-cu-a1-202607 | Y10: C10100 OFHC | Z10: supplier alias | AA10: resolved to elemental Cu structure; supplier grade remains supplier-controlled | AB10: Known source label(s) for this canonical material; current evidence row uses the canonical ID. | AC10: No | AL10: data/data/catalog/aflow_conductor_slice.csv | AM10: AFLOW_Slice | AN10: 10 | AO10: Retained for identity, source, scope, or design traceability.
A11: 11 | B11: Source_Register row 11 | C11: ark:/88434/mds01dp7vr | D11: MAT-YBCO-CUPRATE | E11: Y-Ba-Cu-O — YBCO cuprate | H11: NIST | I11: CAT-NIST · nist_copper_records.csv | J11: NIST_Records · row 2 | K11: doi:10.18434/T4KP8J | L11: included_supporting_evidence | M11: curated NIST record; context or decoy screening | N11: YBCO cuprate | O11: NIST catalog | P11: NIST High Temperature Superconducting (HTS) Materials Database - SRD 62 | W11: CAT-NIST | X11: ark:/88434/mds01dp7vr | Z11: none | AA11: comparator/identity context; not a July release material | AB11: No alias or oxidation notation appears on this evidence row. | AC11: No | AL11: data/data/catalog/nist_copper_records.csv | AM11: NIST_Records | AN11: 2 | AO11: Retained for identity, source, scope, or design traceability.
A12: 12 | B12: Source_Register row 12 | C12: ark:/88434/mds012mz82 | D12: MAT-CU-C101 | E12: Cu — C10100 OFHC copper | H12: NIST | I12: CAT-NIST · nist_copper_records.csv | J12: NIST_Records · row 3 | K12: ark:/88434/mds012mz82 | L12: included_supporting_evidence | M12: curated NIST record; context or decoy screening | N12: C10100 OFHC copper | O12: NIST catalog | P12: NIST Handbook of Basic Atomic Spectroscopic Data - SRD 108 | W12: CAT-NIST | X12: ark:/88434/mds012mz82 | Y12: C10100 OFHC | Z12: supplier alias | AA12: resolved to elemental Cu structure; supplier grade remains supplier-controlled | AB12: Known source label(s) for this canonical material; current evidence row uses the canonical ID. | AC12: No | AL12: data/data/catalog/nist_copper_records.csv | AM12: NIST_Records | AN12: 3 | AO12: Retained for identity, source, scope, or design traceability.
A13: 13 | B13: Source_Register row 13 | C13: ark:/88434/mds2-2940 | D13: MAT-CU-C101 | E13: Cu — C10100 OFHC copper | H13: NIST | I13: CAT-NIST · nist_copper_records.csv | J13: NIST_Records · row 4 | K13: doi:10.18434/mds2-2940 | L13: included_supporting_evidence | M13: curated NIST record; context or decoy screening | N13: C10100 OFHC copper | O13: NIST catalog | P13: Experimental Measurements for Pyrolysis Model Validation - Anaerobic Gasification of PMMA Under External Thermal Radiation | W13: CAT-NIST | X13: ark:/88434/mds2-2940 | Y13: C10100 OFHC | Z13: supplier alias | AA13: resolved to elemental Cu structure; supplier grade remains supplier-controlled | AB13: Known source label(s) for this canonical material; current evidence row uses the canonical ID. | AC13: No | AL13: data/data/catalog/nist_copper_records.csv | AM13: NIST_Records | AN13: 4 | AO13: Retained for identity, source, scope, or design traceability.
A14: 14 | B14: Source_Register row 14 | C14: ark:/88434/mds2-4076 | D14: MAT-CU-HBPLATE | E14: Cu — Hybrid-bond electroplated copper | H14: NIST | I14: CAT-NIST · nist_copper_records.csv | J14: NIST_Records · row 5 | K14: doi:10.18434/mds2-4076 | L14: included_supporting_evidence | M14: curated NIST record; condition-matched copper property support | N14: Hybrid-bond electroplated copper | O14: NIST catalog | P14: Elastic-plastic Single-Step and Multi-Step Indentation via IIT and AFM on Hybrid Bonding Copper | W14: CAT-NIST | X14: ark:/88434/mds2-4076 | Y14: HB electro-Cu | Z14: supplier alias | AA14: resolved at supplier/process and NIST application-family level; no process-specific AFLOW record | AB14: Known source label(s) for this canonical material; current evidence row uses the canonical ID. | AC14: No | AL14: data/data/catalog/nist_copper_records.csv | AM14: NIST_Records | AN14: 5 | AO14: Retained for identity, source, scope, or design traceability.
A15: 15 | B15: Source_Register row 15 | C15: COD-SUM-MAT-CU-C101 | D15: MAT-CU-C101 | E15: Cu — C10100 OFHC copper | H15: COD | I15: CAT-COD-CU · cod_copper_summary.csv | J15: COD_Summary · row 2 | L15: included_supporting_evidence | M15: curated COD identity summary; crystallographic identity support | N15: C10100 OFHC copper | O15: COD catalog | P15: crystal identity summary | R15: records | V15: space group None; None | W15: CAT-COD-CU | X15: COD-SUM-MAT-CU-C101 | Y15: C10100 OFHC | Z15: supplier alias | AA15: resolved to elemental Cu structure; supplier grade remains supplier-controlled | AB15: Known source label(s) for this canonical material; current evidence row uses the canonical ID. | AC15: No | AL15: data/data/catalog/cod_copper_summary.csv | AM15: COD_Summary | AN15: 2 | AO15: Retained for identity, source, scope, or design traceability.
A16: 16 | B16: Source_Register row 16 | C16: COD-SUM-MAT-CU2O-CUPRITE | D16: MAT-CU2O-CUPRITE | E16: Cu2O — Copper(I) oxide / cuprite | H16: COD | I16: CAT-COD-CU · cod_copper_summary.csv | J16: COD_Summary · row 3 | L16: included_supporting_evidence | M16: curated COD identity summary; crystallographic identity support | N16: Copper(I) oxide / cuprite | O16: COD catalog | P16: crystal identity summary | R16: records | V16: space group None; None | W16: CAT-COD-CU | X16: COD-SUM-MAT-CU2O-CUPRITE | Y16: Cu^1O | Z16: legacy oxidation-state notation | AA16: comparator/identity context; not a July release material | AB16: Known source label(s) for this canonical material; current evidence row uses the canonical ID. | AC16: No | AL16: data/data/catalog/cod_copper_summary.csv | AM16: COD_Summary | AN16: 3 | AO16: Retained for identity, source, scope, or design traceability.
A17: 17 | B17: Source_Register row 17 | C17: COD-SUM-MAT-CUO-TENORITE | D17: MAT-CUO-TENORITE | E17: CuO — Copper(II) oxide / tenorite | H17: COD | I17: CAT-COD-CU · cod_copper_summary.csv | J17: COD_Summary · row 4 | L17: included_supporting_evidence | M17: curated COD identity summary; crystallographic identity support | N17: Copper(II) oxide / tenorite | O17: COD catalog | P17: crystal identity summary | R17: records | V17: space group None; None | W17: CAT-COD-CU | X17: COD-SUM-MAT-CUO-TENORITE | Y17: Cu^2O | Z17: legacy oxidation-state notation | AA17: comparator/identity context; not a July release material | AB17: Known source label(s) for this canonical material; current evidence row uses the canonical ID. | AC17: No | AL17: data/data/catalog/cod_copper_summary.csv | AM17: COD_Summary | AN17: 4 | AO17: Retained for identity, source, scope, or design traceability.
A18: 18 | B18: Source_Register row 18 | C18: COD-SUM-MAT-CU3SN-ETA | D18: MAT-CU3SN-ETA | E18: Cu3Sn — Eta copper-tin intermetallic | H18: COD | I18: CAT-COD-CU · cod_copper_summary.csv | J18: COD_Summary · row 5 | L18: included_supporting_evidence | M18: curated COD identity summary; crystallographic identity support | N18: Eta copper-tin intermetallic | O18: COD catalog | P18: crystal identity summary | R18: records | V18: space group None; None | W18: CAT-COD-CU | X18: COD-SUM-MAT-CU3SN-ETA | Y18: eta-tin copper | Z18: supplier alias | AA18: not resolved across AFLOW, NIST, and supplier evidence | AB18: Known source label(s) for this canonical material; current evidence row uses the canonical ID. | AC18: No | AL18: data/data/catalog/cod_copper_summary.csv | AM18: COD_Summary | AN18: 5 | AO18: Retained for identity, source, scope, or design traceability.
A19: 19 | B19: Source_Register row 19 | C19: OQMD-MAT-CU2O-CUPRITE | D19: MAT-CU2O-CUPRITE | E19: Cu2O — Copper(I) oxide / cuprite | H19: OQMD | I19: CAT-OQMD · oqmd_copper_targets.csv | J19: OQMD_Targets · row 2 | L19: included_supporting_evidence | M19: computed OQMD formation/stability values; not measured release evidence | N19: Copper(I) oxide / cuprite | O19: OQMD catalog | P19: computed formation/stability target | Q19: 0.00044117667 | R19: eV/atom | V19: space group Pn-3m | W19: CAT-OQMD | X19: OQMD-MAT-CU2O-CUPRITE | Y19: Cu^1O | Z19: legacy oxidation-state notation | AA19: comparator/identity context; not a July release material | AB19: Known source label(s) for this canonical material; current evidence row uses the canonical ID. | AC19: No | AL19: data/data/catalog/oqmd_copper_targets.csv | AM19: OQMD_Targets | AN19: 2 | AO19: Retained for identity, source, scope, or design traceability.
A20: 20 | B20: Source_Register row 20 | C20: OQMD-MAT-CUO-TENORITE | D20: MAT-CUO-TENORITE | E20: CuO — Copper(II) oxide / tenorite | H20: OQMD | I20: CAT-OQMD · oqmd_copper_targets.csv | J20: OQMD_Targets · row 3 | L20: included_supporting_evidence | M20: computed OQMD formation/stability values; not measured release evidence | N20: Copper(II) oxide / tenorite | O20: OQMD catalog | P20: computed formation/stability target | Q20: 0.026504872 | R20: eV/atom | V20: space group C2/c | W20: CAT-OQMD | X20: OQMD-MAT-CUO-TENORITE | Y20: Cu^2O | Z20: legacy oxidation-state notation | AA20: comparator/identity context; not a July release material | AB20: Known source label(s) for this canonical material; current evidence row uses the canonical ID. | AC20: No | AL20: data/data/catalog/oqmd_copper_targets.csv | AM20: OQMD_Targets | AN20: 3 | AO20: Retained for identity, source, scope, or design traceability.
A21: 21 | B21: Source_Register row 21 | C21: OQMD-MAT-CU3SN-ETA | D21: MAT-CU3SN-ETA | E21: Cu3Sn — Eta copper-tin intermetallic | H21: OQMD | I21: CAT-OQMD · oqmd_copper_targets.csv | J21: OQMD_Targets · row 4 | L21: included_supporting_evidence | M21: computed OQMD formation/stability values; not measured release evidence | N21: Eta copper-tin intermetallic | O21: OQMD catalog | P21: computed formation/stability target | Q21: 0.071482468 | R21: eV/atom | V21: space group Fm-3m | W21: CAT-OQMD | X21: OQMD-MAT-CU3SN-ETA | Y21: eta-tin copper | Z21: supplier alias | AA21: not resolved across AFLOW, NIST, and supplier evidence | AB21: Known source label(s) for this canonical material; current evidence row uses the canonical ID. | AC21: No | AL21: data/data/catalog/oqmd_copper_targets.csv | AM21: OQMD_Targets | AN21: 4 | AO21: Retained for identity, source, scope, or design traceability.
A22: 22 | B22: Source_Register row 22 | C22: OQMD-MAT-AL2CU-THETA | D22: MAT-AL2CU-THETA | E22: Al2Cu — Theta Al2Cu | H22: OQMD | I22: CAT-OQMD · oqmd_copper_targets.csv | J22: OQMD_Targets · row 5 | L22: included_supporting_evidence | M22: computed OQMD formation/stability values; not measured release evidence | N22: Theta Al2Cu | O22: OQMD catalog | P22: computed formation/stability target | Q22: 0.018707923 | R22: eV/atom | V22: space group Fmmm | W22: CAT-OQMD | X22: OQMD-MAT-AL2CU-THETA | Z22: none | AA22: comparator/identity context; not a July release material | AB22: No alias or oxidation notation appears on this evidence row. | AC22: No | AL22: data/data/catalog/oqmd_copper_targets.csv | AM22: OQMD_Targets | AN22: 5 | AO22: Retained for identity, source, scope, or design traceability.
A23: 23 | B23: Source_Register row 23 | C23: OQMD-MAT-ALCU3-GAMMA | D23: MAT-ALCU3-GAMMA | E23: AlCu3 — Gamma AlCu3 | H23: OQMD | I23: CAT-OQMD · oqmd_copper_targets.csv | J23: OQMD_Targets · row 6 | L23: included_supporting_evidence | M23: computed OQMD formation/stability values; not measured release evidence | N23: Gamma AlCu3 | O23: OQMD catalog | P23: computed formation/stability target | Q23: 0.011023996 | R23: eV/atom | V23: space group Pm-3m | W23: CAT-OQMD | X23: OQMD-MAT-ALCU3-GAMMA | Z23: none | AA23: comparator/identity context; not a July release material | AB23: No alias or oxidation notation appears on this evidence row. | AC23: No | AL23: data/data/catalog/oqmd_copper_targets.csv | AM23: OQMD_Targets | AN23: 6 | AO23: Retained for identity, source, scope, or design traceability.
A24: 24 | B24: Source_Register row 24 | C24: OQMD-MAT-ZNCU-BETA | D24: MAT-ZNCU-BETA | E24: ZnCu — Beta ZnCu | H24: OQMD | I24: CAT-OQMD · oqmd_copper_targets.csv | J24: OQMD_Targets · row 7 | L24: included_supporting_evidence | M24: computed OQMD formation/stability values; not measured release evidence | N24: Beta ZnCu | O24: OQMD catalog | P24: computed formation/stability target | Q24: 0.0038489522 | R24: eV/atom | V24: space group Pm-3m | W24: CAT-OQMD | X24: OQMD-MAT-ZNCU-BETA | Z24: none | AA24: comparator/identity context; not a July release material | AB24: No alias or oxidation notation appears on this evidence row. | AC24: No | AL24: data/data/catalog/oqmd_copper_targets.csv | AM24: OQMD_Targets | AN24: 7 | AO24: Retained for identity, source, scope, or design traceability.
A25: 25 | B25: Source_Register row 25 | C25: OQMD-MAT-CUAU-L10 | D25: MAT-CUAU-L10 | E25: CuAu — L1_0 CuAu | H25: OQMD | I25: CAT-OQMD · oqmd_copper_targets.csv | J25: OQMD_Targets · row 8 | L25: included_supporting_evidence | M25: computed OQMD formation/stability values; not measured release evidence | N25: L1_0 CuAu | O25: OQMD catalog | P25: computed formation/stability target | Q25: 2.547e-05 | R25: eV/atom | V25: space group P4/mmm | W25: CAT-OQMD | X25: OQMD-MAT-CUAU-L10 | Z25: none | AA25: comparator/identity context; not a July release material | AB25: No alias or oxidation notation appears on this evidence row. | AC25: No | AL25: data/data/catalog/oqmd_copper_targets.csv | AM25: OQMD_Targets | AN25: 8 | AO25: Retained for identity, source, scope, or design traceability.
A26: 26 | B26: Source_Register row 26 | C26: LIT-0726-01 | D26: MAT-CU-C101 | E26: Cu — C10100 OFHC copper | H26: Literature | I26: 10.1007/BF01174717 · property_pull.csv | J26: Literature · row 2 | K26: 10.1007/BF01174717 | L26: included_unverified_support_only | M26: literature property claim; unverified and subordinate to measurement | N26: C10100 OFHC copper | O26: literature | P26: electrical_conductivity_iacs | Q26: 101 | R26: percent_IACS | W26: 10.1007/BF01174717 | X26: LIT-0726-01 | Y26: C10100 OFHC | Z26: supplier alias | AA26: resolved to elemental Cu structure; supplier grade remains supplier-controlled | AB26: Known source label(s) for this canonical material; current evidence row uses the canonical ID. | AC26: No | AL26: data/data/literature/property_pull.csv | AM26: Literature | AN26: 2 | AO26: Literature-only evidence is unverified and cannot replace measured evidence. | AP26: Thermal expansion of copper
A27: 27 | B27: Source_Register row 27 | C27: LIT-0726-02 | D27: MAT-CU-HBPLATE | E27: Cu — Hybrid-bond electroplated copper | H27: Literature | I27: 10.18434/mds2-4076 · property_pull.csv | J27: Literature · row 3 | K27: 10.18434/mds2-4076 | L27: included_unverified_support_only | M27: literature/reference value; incomplete protocol-condition metadata; unverified | N27: Hybrid-bond electroplated copper | O27: literature | P27: yield_strength | Q27: 228 | R27: MPa | W27: 10.18434/mds2-4076 | X27: LIT-0726-02 | Y27: HB electro-Cu | Z27: supplier alias | AA27: resolved at supplier/process and NIST application-family level; no process-specific AFLOW record | AB27: Known source label(s) for this canonical material; current evidence row uses the canonical ID. | AC27: No | AL27: data/data/literature/property_pull.csv | AM27: Literature | AN27: 3 | AO27: Literature-only evidence is unverified and cannot replace measured evidence. | AP27: Elastic-plastic indentation on hybrid bonding copper
A28: 28 | B28: Source_Register row 28 | C28: LIT-0726-03 | D28: MAT-CU-C101 | E28: Cu — C10100 OFHC copper | H28: Literature | I28: 10.1063/1.1728392 · property_pull.csv | J28: Literature · row 4 | K28: 10.1063/1.1728392 | L28: included_unverified_support_only | M28: literature-only; unverified | N28: C10100 OFHC copper | O28: literature | P28: coefficient_thermal_expansion | Q28: 16.7 | R28: um_mK | W28: 10.1063/1.1728392 | X28: LIT-0726-03 | Y28: C10100 OFHC | Z28: supplier alias | AA28: resolved to elemental Cu structure; supplier grade remains supplier-controlled | AB28: Known source label(s) for this canonical material; current evidence row uses the canonical ID. | AC28: No | AL28: data/data/literature/property_pull.csv | AM28: Literature | AN28: 4 | AO28: Literature-only evidence is unverified and cannot replace measured evidence. | AP28: Copper lattice expansion study
A29: 29 | B29: Source_Register row 29 | C29: LIT-0726-04 | D29: MAT-CU-HBPLATE | E29: Cu — Hybrid-bond electroplated copper | H29: Literature | I29: 10.1109/ECTC.2026.cu-hb · property_pull.csv | J29: Literature · row 5 | K29: 10.1109/ECTC.2026.cu-hb | L29: included_unverified_support_only | M29: literature-only; unverified | N29: Hybrid-bond electroplated copper | O29: literature | P29: electromigration_activation_energy | Q29: 0.86 | R29: eV | W29: 10.1109/ECTC.2026.cu-hb | X29: LIT-0726-04 | Y29: HB electro-Cu | Z29: supplier alias | AA29: resolved at supplier/process and NIST application-family level; no process-specific AFLOW record | AB29: Known source label(s) for this canonical material; current evidence row uses the canonical ID. | AC29: No | AL29: data/data/literature/property_pull.csv | AM29: Literature | AN29: 5 | AO29: Literature-only evidence is unverified and cannot replace measured evidence. | AP29: Advanced packaging copper interconnect aging
A30: 30 | B30: Source_Register row 30 | C30: LIT-0726-05 | D30: MAT-CUSO4-CUPRIC | E30: CuSO4 — Cupric sulfate | H30: Literature | I30: PubChem CID 24462 · property_pull.csv | J30: Literature · row 6 | K30: PubChem CID 24462 | L30: included_unverified_support_only | M30: identity-only; not property evidence | N30: Cupric sulfate | O30: literature | P30: compound_canonicalized | Q30: 1 | R30: flag | W30: PubChem CID 24462 | X30: LIT-0726-05 | Y30: cupric sulfate | Z30: supplier alias | AA30: comparator/identity context; not a July release material | AB30: Known source label(s) for this canonical material; current evidence row uses the canonical ID. | AC30: No | AL30: data/data/literature/property_pull.csv | AM30: Literature | AN30: 6 | AO30: Literature-only evidence is unverified and cannot replace measured evidence. | AP30: Copper sulfate canonical compound
A31: 31 | B31: Source_Register row 31 | C31: LIT-0726-06 | D31: MAT-YBCO-CUPRATE | E31: Y-Ba-Cu-O — YBCO cuprate | H31: Literature | I31: 10.18434/T4KP8J · property_pull.csv | J31: Literature · row 7 | K31: 10.18434/T4KP8J | L31: excluded | M31: domain decoy; excluded | N31: YBCO cuprate | O31: literature | P31: superconducting_context | Q31: 1 | R31: flag | W31: 10.18434/T4KP8J | X31: LIT-0726-06 | Z31: none | AA31: comparator/identity context; not a July release material | AB31: No alias or oxidation notation appears on this evidence row. | AC31: No | AL31: data/data/literature/property_pull.csv | AM31: Literature | AN31: 7 | AO31: Rejected false positive or domain decoy. | AP31: NIST HTS cuprate database
A32: 32 | B32: Source_Register row 32 | C32: LIT-0726-07 | D32: MAT-CU-C101 | E32: Cu — C10100 OFHC copper | H32: Literature | I32: arXiv:3d-ic-packaging-page · property_pull.csv | J32: Literature · row 8 | K32: arXiv:3d-ic-packaging-page | L32: excluded | M32: title/scope false positive; rejected | N32: C10100 OFHC copper | O32: literature | P32: grid_support | Q32: 1 | R32: flag | W32: arXiv:3d-ic-packaging-page | X32: LIT-0726-07 | Y32: C10100 OFHC | Z32: supplier alias | AA32: resolved to elemental Cu structure; supplier grade remains supplier-controlled | AB32: Known source label(s) for this canonical material; current evidence row uses the canonical ID. | AC32: No | AL32: data/data/literature/property_pull.csv | AM32: Literature | AN32: 8 | AO32: Rejected false positive or domain decoy. | AP32: Copper grid mentioned in packaging metadata
A33: 33 | B33: Source_Register row 33 | C33: LR-COND-0726-01 | D33: MAT-CU-C101 | E33: Cu — C10100 OFHC copper | F33: LOT-CU-2607-A | G33: TRACE-HDI-110 | H33: Laboratory measurement | I33: LAB-COND · conductivity_panel_tests.csv | J33: Electrical_Thermal · row 2 | L33: included_measurement_not_protocol_matchable | M33: measured value; PROTO-CU-77 has no percent-IACS condition row | N33: C10100 OFHC copper | O33: laboratory measurement | P33: electrical_conductivity_iacs | Q33: 101.52 | R33: percent_IACS | S33: 23 | T33: 101.3 | U33: 0.001 | V33: LM-CU-07 | W33: LAB-COND | X33: LR-COND-0726-01 | Y33: C10100 OFHC | Z33: supplier alias | AA33: resolved to elemental Cu structure; supplier grade remains supplier-controlled | AB33: Known source label(s) for this canonical material; current evidence row uses the canonical ID. | AC33: No | AL33: data/data/lab_reports/conductivity_panel_tests.csv | AM33: Electrical_Thermal | AN33: 2 | AO33: Measured record retained; PROTO-CU-77 does not define percent-IACS test conditions. | AP33: T=23.0 C; P=101.3 kPa; strain=0.001
A34: 34 | B34: Source_Register row 34 | C34: LR-COND-0726-02 | D34: MAT-CU-C101 | E34: Cu — C10100 OFHC copper | F34: LOT-CU-2607-A | G34: TRACE-HDI-110 | H34: Laboratory measurement | I34: LAB-COND · conductivity_panel_tests.csv | J34: Electrical_Thermal · row 3 | L34: included_measured_evidence | M34: measured value | N34: C10100 OFHC copper | O34: laboratory measurement | P34: resistivity_20c | Q34: 1.699 | R34: uohm_cm | S34: 20 | T34: 101.3 | U34: 0.001 | V34: LM-CU-07 | W34: LAB-COND | X34: LR-COND-0726-02 | Y34: C10100 OFHC | Z34: supplier alias | AA34: resolved to elemental Cu structure; supplier grade remains supplier-controlled | AB34: Known source label(s) for this canonical material; current evidence row uses the canonical ID. | AC34: No | AL34: data/data/lab_reports/conductivity_panel_tests.csv | AM34: Electrical_Thermal | AN34: 3 | AO34: Measured evidence retained under its recorded conditions and scope. | AP34: T=20.0 C; P=101.3 kPa; strain=0.001
A35: 35 | B35: Source_Register row 35 | C35: LR-COND-0726-03 | D35: MAT-CU-WIRE | E35: Cu (supplier grade claim) — E-Cu58 copper wire | F35: LOT-CU-2607-B | G35: TRACE-HB-180 | H35: Laboratory measurement | I35: LAB-COND · conductivity_panel_tests.csv | J35: Electrical_Thermal · row 4 | L35: excluded_from_property_comparison_pending_identity | M35: measured value; PROTO-CU-77 has no percent-IACS condition row | N35: E-Cu58 copper wire | O35: laboratory measurement | P35: electrical_conductivity_iacs | Q35: 100.94 | R35: percent_IACS | S35: 23 | T35: 101.3 | U35: 0.001 | V35: LM-CU-07 | W35: LAB-COND | X35: LR-COND-0726-03 | Y35: E-Cu58 | Z35: supplier alias | AA35: not resolved across AFLOW, NIST, and supplier evidence | AB35: Known source label(s) for this canonical material; current evidence row uses the canonical ID. | AC35: No | AL35: data/data/lab_reports/conductivity_panel_tests.csv | AM35: Electrical_Thermal | AN35: 4 | AO35: Canonical alias exists, but identity is not resolved across AFLOW, NIST, and supplier evidence; retain the measured record without using it in property comparison. | AP35: T=23.0 C; P=101.3 kPa; strain=0.001
A36: 36 | B36: Source_Register row 36 | C36: LR-COND-0726-04 | D36: MAT-CU-HBPLATE | E36: Cu — Hybrid-bond electroplated copper | F36: LOT-CU-2607-C | G36: TRACE-HB-205 | H36: Laboratory measurement | I36: LAB-COND · conductivity_panel_tests.csv | J36: Electrical_Thermal · row 5 | L36: included_measurement_not_protocol_matchable | M36: measured value; PROTO-CU-77 has no percent-IACS condition row | N36: Hybrid-bond electroplated copper | O36: laboratory measurement | P36: electrical_conductivity_iacs | Q36: 100.9 | R36: percent_IACS | S36: 23 | T36: 101.3 | U36: 0.001 | V36: LM-CU-07 | W36: LAB-COND | X36: LR-COND-0726-04 | Y36: HB electro-Cu | Z36: supplier alias | AA36: resolved at supplier/process and NIST application-family level; no process-specific AFLOW record | AB36: Known source label(s) for this canonical material; current evidence row uses the canonical ID. | AC36: No | AL36: data/data/lab_reports/conductivity_panel_tests.csv | AM36: Electrical_Thermal | AN36: 5 | AO36: Measured record retained; PROTO-CU-77 does not define percent-IACS test conditions. | AP36: T=23.0 C; P=101.3 kPa; strain=0.001
A37: 37 | B37: Source_Register row 37 | C37: LR-COND-0726-04D | D37: MAT-CU-HBPLATE | E37: Cu — Hybrid-bond electroplated copper | F37: LOT-CU-2607-C | G37: TRACE-HB-205 | H37: Laboratory measurement | I37: LAB-COND · conductivity_panel_tests.csv | J37: Electrical_Thermal · row 6 | L37: excluded_duplicate | M37: duplicate synchronized record; do not double count; PROTO-CU-77 has no percent-IACS condition row | N37: Hybrid-bond electroplated copper | O37: laboratory measurement | P37: electrical_conductivity_iacs | Q37: 100.9 | R37: percent_IACS | S37: 23 | T37: 101.3 | U37: 0.001 | V37: LM-CU-07 | W37: LAB-COND | X37: LR-COND-0726-04D | Y37: HB electro-Cu | Z37: supplier alias | AA37: resolved at supplier/process and NIST application-family level; no process-specific AFLOW record | AB37: Known source label(s) for this canonical material; current evidence row uses the canonical ID. | AC37: No | AL37: data/data/lab_reports/conductivity_panel_tests.csv | AM37: Electrical_Thermal | AN37: 6 | AO37: Retained for traceability; excluded from counts and comparisons. | AP37: T=23.0 C; P=101.3 kPa; strain=0.001
A38: 38 | B38: Source_Register row 38 | C38: LR-COND-0726-05 | D38: MAT-CU-HBPLATE | E38: Cu — Hybrid-bond electroplated copper | F38: LOT-CU-2607-D | G38: TRACE-HB-225 | H38: Laboratory measurement | I38: LAB-COND · conductivity_panel_tests.csv | J38: Electrical_Thermal · row 7 | L38: included_measurement_not_protocol_matchable | M38: measured value; PROTO-CU-77 has no percent-IACS condition row | N38: Hybrid-bond electroplated copper | O38: laboratory measurement | P38: electrical_conductivity_iacs | Q38: 97.85 | R38: percent_IACS | S38: 23 | T38: 101.3 | U38: 0.001 | V38: LM-CU-07 | W38: LAB-COND | X38: LR-COND-0726-05 | Y38: HB electro-Cu | Z38: supplier alias | AA38: resolved at supplier/process and NIST application-family level; no process-specific AFLOW record | AB38: Known source label(s) for this canonical material; current evidence row uses the canonical ID. | AC38: No | AL38: data/data/lab_reports/conductivity_panel_tests.csv | AM38: Electrical_Thermal | AN38: 7 | AO38: Measured record retained; PROTO-CU-77 does not define percent-IACS test conditions. | AP38: T=23.0 C; P=101.3 kPa; strain=0.001
A39: 39 | B39: Source_Register row 39 | C39: LR-COND-0726-06 | D39: MAT-CU-HBPLATE | E39: Cu — Hybrid-bond electroplated copper | F39: LOT-CU-2607-D | G39: TRACE-HB-225 | H39: Laboratory measurement | I39: LAB-COND · conductivity_panel_tests.csv | J39: Electrical_Thermal · row 8 | L39: included_measured_evidence | M39: measured value | N39: Hybrid-bond electroplated copper | O39: laboratory measurement | P39: resistivity_20c | Q39: 1.762 | R39: uohm_cm | S39: 20 | T39: 101.3 | U39: 0.001 | V39: LM-CU-07 | W39: LAB-COND | X39: LR-COND-0726-06 | Y39: HB electro-Cu | Z39: supplier alias | AA39: resolved at supplier/process and NIST application-family level; no process-specific AFLOW record | AB39: Known source label(s) for this canonical material; current evidence row uses the canonical ID. | AC39: No | AL39: data/data/lab_reports/conductivity_panel_tests.csv | AM39: Electrical_Thermal | AN39: 8 | AO39: Measured evidence retained under its recorded conditions and scope. | AP39: T=20.0 C; P=101.3 kPa; strain=0.001
A40: 40 | B40: Source_Register row 40 | C40: LR-COND-0726-07 | D40: MAT-CU3SN-ETA | E40: Cu3Sn — Eta copper-tin intermetallic | F40: LOT-CU-2607-E | G40: TRACE-BGA-320 | H40: Laboratory measurement | I40: LAB-COND · conductivity_panel_tests.csv | J40: Electrical_Thermal · row 9 | L40: excluded_from_property_comparison_pending_identity | M40: measured value; PROTO-CU-77 has no percent-IACS condition row | N40: Eta copper-tin intermetallic | O40: laboratory measurement | P40: electrical_conductivity_iacs | Q40: 68.4 | R40: percent_IACS | S40: 23 | T40: 101.3 | U40: 0.001 | V40: LM-CU-07 | W40: LAB-COND | X40: LR-COND-0726-07 | Y40: eta-tin copper | Z40: supplier alias | AA40: not resolved across AFLOW, NIST, and supplier evidence | AB40: Known source label(s) for this canonical material; current evidence row uses the canonical ID. | AC40: No | AL40: data/data/lab_reports/conductivity_panel_tests.csv | AM40: Electrical_Thermal | AN40: 9 | AO40: Canonical alias exists, but identity is not resolved across AFLOW, NIST, and supplier evidence; retain the measured record without using it in property comparison. | AP40: T=23.0 C; P=101.3 kPa; strain=0.001
A41: 41 | B41: Source_Register row 41 | C41: LR-THERM-0726-01 | D41: MAT-CU-C101 | E41: Cu — C10100 OFHC copper | F41: LOT-CU-2607-A | G41: TRACE-HDI-110 | H41: Laboratory measurement | I41: LAB-COND · conductivity_panel_tests.csv | J41: Electrical_Thermal · row 10 | L41: included_measured_evidence | M41: measured value | N41: C10100 OFHC copper | O41: laboratory measurement | P41: thermal_conductivity | Q41: 392.6 | R41: W_mK | S41: 23 | T41: 101.3 | U41: 0.001 | V41: LM-CU-07 | W41: LAB-COND | X41: LR-THERM-0726-01 | Y41: C10100 OFHC | Z41: supplier alias | AA41: resolved to elemental Cu structure; supplier grade remains supplier-controlled | AB41: Known source label(s) for this canonical material; current evidence row uses the canonical ID. | AC41: No | AL41: data/data/lab_reports/conductivity_panel_tests.csv | AM41: Electrical_Thermal | AN41: 10 | AO41: Measured evidence retained under its recorded conditions and scope. | AP41: T=23.0 C; P=101.3 kPa; strain=0.001
A42: 42 | B42: Source_Register row 42 | C42: LR-THERM-0726-02 | D42: MAT-CU-HBPLATE | E42: Cu — Hybrid-bond electroplated copper | F42: LOT-CU-2607-D | G42: TRACE-HB-225 | H42: Laboratory measurement | I42: LAB-COND · conductivity_panel_tests.csv | J42: Electrical_Thermal · row 11 | L42: included_measured_evidence | M42: measured value | N42: Hybrid-bond electroplated copper | O42: laboratory measurement | P42: thermal_conductivity | Q42: 386.8 | R42: W_mK | S42: 23 | T42: 101.3 | U42: 0.001 | V42: LM-CU-07 | W42: LAB-COND | X42: LR-THERM-0726-02 | Y42: HB electro-Cu | Z42: supplier alias | AA42: resolved at supplier/process and NIST application-family level; no process-specific AFLOW record | AB42: Known source label(s) for this canonical material; current evidence row uses the canonical ID. | AC42: No | AL42: data/data/lab_reports/conductivity_panel_tests.csv | AM42: Electrical_Thermal | AN42: 11 | AO42: Measured evidence retained under its recorded conditions and scope. | AP42: T=23.0 C; P=101.3 kPa; strain=0.001
A43: 43 | B43: Source_Register row 43 | C43: MECH-0726-01 | D43: MAT-CU-HBPLATE | E43: Cu — Hybrid-bond electroplated copper | F43: LOT-CU-2607-D | G43: TRACE-HB-225 | H43: Laboratory measurement | I43: LAB-MECH · mechanical_property_runs.csv | J43: Mechanical · row 2 | L43: included_measured_evidence | M43: measured value | N43: Hybrid-bond electroplated copper | O43: mechanical measurement | P43: yield_strength | Q43: 219 | R43: MPa | S43: 23 | T43: 101.3 | U43: 0.001 | V43: IIT-AFM | W43: LAB-MECH | X43: MECH-0726-01 | Y43: HB electro-Cu | Z43: supplier alias | AA43: resolved at supplier/process and NIST application-family level; no process-specific AFLOW record | AB43: Known source label(s) for this canonical material; current evidence row uses the canonical ID. | AC43: No | AL43: data/data/lab_reports/mechanical_property_runs.csv | AM43: Mechanical | AN43: 2 | AO43: Measured evidence retained under its recorded conditions and scope. | AP43: T=23.0 C; P=101.3 kPa; strain=0.001; method=IIT-AFM
A44: 44 | B44: Source_Register row 44 | C44: MECH-0726-02 | D44: MAT-CU-HBPLATE | E44: Cu — Hybrid-bond electroplated copper | F44: LOT-CU-2607-D | G44: TRACE-HB-225 | H44: Laboratory measurement | I44: LAB-MECH · mechanical_property_runs.csv | J44: Mechanical · row 3 | L44: excluded_from_condition_matched_comparison | M44: measured value; protocol-condition mismatch | N44: Hybrid-bond electroplated copper | O44: mechanical measurement | P44: yield_strength | Q44: 176 | R44: MPa | S44: 85 | T44: 101.3 | U44: 0.01 | V44: supplier_screen | W44: LAB-MECH | X44: MECH-0726-02 | Y44: HB electro-Cu | Z44: supplier alias | AA44: resolved at supplier/process and NIST application-family level; no process-specific AFLOW record | AB44: Known source label(s) for this canonical material; current evidence row uses the canonical ID. | AC44: No | AL44: data/data/lab_reports/mechanical_property_runs.csv | AM44: Mechanical | AN44: 3 | AO44: Recorded temperature and strain rate do not match PROTO-CU-77. | AP44: T=85.0 C; P=101.3 kPa; strain=0.01; method=supplier_screen
... A46: 46 | B46: Source_Register row 46 | C46: MECH-0726-04 | D46: MAT-CU-C101 | E46: Cu — C10100 OFHC copper | F46: LOT-CU-2607-A | G46: TRACE-HDI-110 | H46: Laboratory measurement | I46: LAB-MECH · mechanical_property_runs.csv | J46: Mechanical · row 5 | L46: included_measured_evidence | M46: measured value | N46: C10100 OFHC copper | O46: mechanical measurement | P46: yield_strength | Q46: 205 | R46: MPa | S46: 23 | T46: 101.3 | U46: 0.001 | V46: tensile_microcoupon | W46: LAB-MECH | X46: MECH-0726-04 | Y46: C10100 OFHC | Z46: supplier alias | AA46: resolved to elemental Cu structure; supplier grade remains supplier-controlled | AB46: Known source label(s) for this canonical material; current evidence row uses the canonical ID. | AC46: No | AL46: data/data/lab_reports/mechanical_property_runs.csv | AM46: Mechanical | AN46: 5 | AO46: Measured evidence retained under its recorded conditions and scope. | AP46: T=23.0 C; P=101.3 kPa; strain=0.001; method=tensile_microcoupon
A47: 47 | B47: Source_Register row 47 | C47: ASSAY-0726-01 | D47: MAT-CU-C101 | E47: Cu — C10100 OFHC copper | F47: LOT-CU-2607-A | G47: TRACE-HDI-110 | H47: Laboratory chemistry | I47: LAB-CHEM · chemistry_assay.csv | J47: Chemistry · row 2 | L47: included_measured_evidence | M47: validated measured chemistry assay | N47: C10100 OFHC copper | O47: chemistry assay | P47: six-impurity assay | R47: ppm | W47: LAB-CHEM | X47: ASSAY-0726-01 | Y47: C10100 OFHC | Z47: supplier alias | AA47: resolved to elemental Cu structure; supplier grade remains supplier-controlled | AB47: Known source label(s) for this canonical material; current evidence row uses the canonical ID. | AC47: No | AL47: data/data/lab_reports/chemistry_assay.csv | AM47: Chemistry | AN47: 2 | AO47: Measured evidence retained under its recorded conditions and scope. | AP47: 2026-07-01T16:10:00Z | AQ47: 3.2 | AR47: 2.1 | AS47: 1.2 | AT47: 0.4 | AU47: 4 | AV47: 2
A48: 48 | B48: Source_Register row 48 | C48: ASSAY-0726-02 | D48: MAT-CU-WIRE | E48: Cu (supplier grade claim) — E-Cu58 copper wire | F48: LOT-CU-2607-B | G48: TRACE-HB-180 | H48: Laboratory chemistry | I48: LAB-CHEM · chemistry_assay.csv | J48: Chemistry · row 3 | L48: included_chemistry_by_declared_lot_scope | M48: validated measured chemistry assay | N48: E-Cu58 copper wire | O48: chemistry assay | P48: six-impurity assay | R48: ppm | W48: LAB-CHEM | X48: ASSAY-0726-02 | Y48: E-Cu58 | Z48: supplier alias | AA48: not resolved across AFLOW, NIST, and supplier evidence | AB48: Known source label(s) for this canonical material; current evidence row uses the canonical ID. | AC48: Yes | AD48: approved waiver | AE48: MAT-WVR-26-071 | AF48: Nora Patel, Quality Engineering Manager | AG48: 46209 | AH48: LOT-CU-2607-B annealed stitch-wire coupon only | AI48: STD-CU-309 oxygen limit, 5.0 ppm | AJ48: 7 | AK48: ppm | AL48: data/data/lab_reports/chemistry_assay.csv | AM48: Chemistry | AN48: 3 | AO48: Chemistry kept separate; application follows declared supplier lot/product scope while identity gap remains visible. | AP48: 2026-07-03T15:02:00Z | AQ48: 6.2 | AR48: 2.8 | AS48: 0.9 | AT48: 0.5 | AU48: 4.8 | AV48: 2.4
A49: 49 | B49: Source_Register row 49 | C49: ASSAY-0726-03 | D49: MAT-CU-HBPLATE | E49: Cu — Hybrid-bond electroplated copper | F49: LOT-CU-2607-C | G49: TRACE-HB-205 | H49: Laboratory chemistry | I49: LAB-CHEM · chemistry_assay.csv | J49: Chemistry · row 4 | L49: included_measured_evidence | M49: validated measured chemistry assay | N49: Hybrid-bond electroplated copper | O49: chemistry assay | P49: six-impurity assay | R49: ppm | W49: LAB-CHEM | X49: ASSAY-0726-03 | Y49: HB electro-Cu | Z49: supplier alias | AA49: resolved at supplier/process and NIST application-family level; no process-specific AFLOW record | AB49: Known source label(s) for this canonical material; current evidence row uses the canonical ID. | AC49: No | AL49: data/data/lab_reports/chemistry_assay.csv | AM49: Chemistry | AN49: 4 | AO49: Measured evidence retained under its recorded conditions and scope. | AP49: 2026-07-05T14:45:00Z | AQ49: 4.8 | AR49: 3.6 | AS49: 3.2 | AT49: 1.1 | AU49: 5 | AV49: 3.9
A50: 50 | B50: Source_Register row 50 | C50: ASSAY-0726-04 | D50: MAT-CU-HBPLATE | E50: Cu — Hybrid-bond electroplated copper | F50: LOT-CU-2607-D | G50: TRACE-HB-225 | H50: Laboratory chemistry | I50: LAB-CHEM · chemistry_assay.csv | J50: Chemistry · row 5 | L50: included_measured_evidence | M50: validated measured chemistry assay | N50: Hybrid-bond electroplated copper | O50: chemistry assay | P50: six-impurity assay | R50: ppm | W50: LAB-CHEM | X50: ASSAY-0726-04 | Y50: HB electro-Cu | Z50: supplier alias | AA50: resolved at supplier/process and NIST application-family level; no process-specific AFLOW record | AB50: Known source label(s) for this canonical material; current evidence row uses the canonical ID. | AC50: No | AL50: data/data/lab_reports/chemistry_assay.csv | AM50: Chemistry | AN50: 5 | AO50: Measured evidence retained under its recorded conditions and scope. | AP50: 2026-07-07T17:28:00Z | AQ50: 4.6 | AR50: 5 | AS50: 4.6 | AT50: 1.2 | AU50: 5.4 | AV50: 4.7
A51: 51 | B51: Source_Register row 51 | C51: ASSAY-0726-04R | D51: MAT-CU-HBPLATE | E51: Cu — Hybrid-bond electroplated copper | F51: LOT-CU-2607-D | G51: TRACE-HB-225 | H51: Laboratory chemistry | I51: LAB-CHEM · chemistry_assay.csv | J51: Chemistry · row 6 | L51: excluded_duplicate | M51: duplicate synchronized chemistry record; do not double count | N51: Hybrid-bond electroplated copper | O51: chemistry assay | P51: six-impurity assay | R51: ppm | W51: LAB-CHEM | X51: ASSAY-0726-04R | Y51: HB electro-Cu | Z51: supplier alias | AA51: resolved at supplier/process and NIST application-family level; no process-specific AFLOW record | AB51: Known source label(s) for this canonical material; current evidence row uses the canonical ID. | AC51: No | AL51: data/data/lab_reports/chemistry_assay.csv | AM51: Chemistry | AN51: 6 | AO51: Retained for traceability; excluded from counts and comparisons. | AP51: 2026-07-07T17:28:04Z | AQ51: 4.6 | AR51: 5.1 | AS51: 4.6 | AT51: 1.2 | AU51: 5.4 | AV51: 4.7
A52: 52 | B52: Source_Register row 52 | C52: ASSAY-0726-05 | D52: MAT-CU3SN-ETA | E52: Cu3Sn — Eta copper-tin intermetallic | F52: LOT-CU-2607-E | G52: TRACE-BGA-320 | H52: Laboratory chemistry | I52: LAB-CHEM · chemistry_assay.csv | J52: Chemistry · row 7 | L52: included_chemistry_by_declared_lot_scope | M52: validated measured chemistry assay | N52: Eta copper-tin intermetallic | O52: chemistry assay | P52: six-impurity assay | R52: ppm | W52: LAB-CHEM | X52: ASSAY-0726-05 | Y52: eta-tin copper | Z52: supplier alias | AA52: not resolved across AFLOW, NIST, and supplier evidence | AB52: Known source label(s) for this canonical material; current evidence row uses the canonical ID. | AC52: No | AL52: data/data/lab_reports/chemistry_assay.csv | AM52: Chemistry | AN52: 7 | AO52: Chemistry kept separate; application follows declared supplier lot/product scope while identity gap remains visible. | AP52: 2026-07-08T12:18:00Z | AQ52: 4.4 | AR52: 3.9 | AS52: 5.4 | AT52: 1 | AU52: 6 | AV52: 4.1
A53: 53 | B53: Source_Register row 53 | C53: GEOM-TRACE-HDI-110 | D53: MAT-CU-C101 | E53: Cu — C10100 OFHC copper | F53: LOT-CU-2607-A | G53: TRACE-HDI-110 | H53: Design record | I53: DESIGN-GEOM · trace_geometry.csv | J53: Geometry · row 2 | L53: included_supporting_evidence | M53: controlled design geometry record | N53: C10100 OFHC copper | O53: design geometry | P53: trace geometry | W53: DESIGN-GEOM | X53: GEOM-TRACE-HDI-110 | Y53: C10100 OFHC | Z53: supplier alias | AA53: resolved to elemental Cu structure; supplier grade remains supplier-controlled | AB53: Known source label(s) for this canonical material; current evidence row uses the canonical ID. | AC53: No | AL53: data/data/design/trace_geometry.csv | AM53: Geometry | AN53: 2 | AO53: Retained for identity, source, scope, or design traceability. | AP53: stack=HDI-70; length=38.0 mm; width=500.0 um | AW53: 38 | AX53: 500
A54: 54 | B54: Source_Register row 54 | C54: GEOM-TRACE-HB-180 | D54: MAT-CU-WIRE | E54: Cu (supplier grade claim) — E-Cu58 copper wire | F54: LOT-CU-2607-B | G54: TRACE-HB-180 | H54: Design record | I54: DESIGN-GEOM · trace_geometry.csv | J54: Geometry · row 3 | L54: included_supporting_evidence | M54: controlled design geometry record | N54: E-Cu58 copper wire | O54: design geometry | P54: trace geometry | W54: DESIGN-GEOM | X54: GEOM-TRACE-HB-180 | Y54: E-Cu58 | Z54: supplier alias | AA54: not resolved across AFLOW, NIST, and supplier evidence | AB54: Known source label(s) for this canonical material; current evidence row uses the canonical ID. | AC54: No | AL54: data/data/design/trace_geometry.csv | AM54: Geometry | AN54: 3 | AO54: Retained for identity, source, scope, or design traceability. | AP54: stack=HB-STITCH; length=42.0 mm; width=450.0 um | AW54: 42 | AX54: 450
A55: 55 | B55: Source_Register row 55 | C55: GEOM-TRACE-HB-205 | D55: MAT-CU-HBPLATE | E55: Cu — Hybrid-bond electroplated copper | F55: LOT-CU-2607-C | G55: TRACE-HB-205 | H55: Design record | I55: DESIGN-GEOM · trace_geometry.csv | J55: Geometry · row 4 | L55: included_supporting_evidence | M55: controlled design geometry record | N55: Hybrid-bond electroplated copper | O55: design geometry | P55: trace geometry | W55: DESIGN-GEOM | X55: GEOM-TRACE-HB-205 | Y55: HB electro-Cu | Z55: supplier alias | AA55: resolved at supplier/process and NIST application-family level; no process-specific AFLOW record | AB55: Known source label(s) for this canonical material; current evidence row uses the canonical ID. | AC55: No | AL55: data/data/design/trace_geometry.csv | AM55: Geometry | AN55: 4 | AO55: Retained for identity, source, scope, or design traceability. | AP55: stack=HB-RDL; length=48.0 mm; width=410.0 um | AW55: 48 | AX55: 410
A56: 56 | B56: Source_Register row 56 | C56: GEOM-TRACE-HB-225 | D56: MAT-CU-HBPLATE | E56: Cu — Hybrid-bond electroplated copper | F56: LOT-CU-2607-D | G56: TRACE-HB-225 | H56: Design record | I56: DESIGN-GEOM · trace_geometry.csv | J56: Geometry · row 5 | L56: included_supporting_evidence | M56: controlled design geometry record | N56: Hybrid-bond electroplated copper | O56: design geometry | P56: trace geometry | W56: DESIGN-GEOM | X56: GEOM-TRACE-HB-225 | Y56: HB electro-Cu | Z56: supplier alias | AA56: resolved at supplier/process and NIST application-family level; no process-specific AFLOW record | AB56: Known source label(s) for this canonical material; current evidence row uses the canonical ID. | AC56: No | AL56: data/data/design/trace_geometry.csv | AM56: Geometry | AN56: 5 | AO56: Retained for identity, source, scope, or design traceability. | AP56: stack=HB-RDL; length=50.0 mm; width=400.0 um | AW56: 50 | AX56: 400
A57: 57 | B57: Source_Register row 57 | C57: GEOM-TRACE-BGA-320 | D57: MAT-CU3SN-ETA | E57: Cu3Sn — Eta copper-tin intermetallic | F57: LOT-CU-2607-E | G57: TRACE-BGA-320 | H57: Design record | I57: DESIGN-GEOM · trace_geometry.csv | J57: Geometry · row 6 | L57: included_supporting_evidence | M57: controlled design geometry record | N57: Eta copper-tin intermetallic | O57: design geometry | P57: trace geometry | W57: DESIGN-GEOM | X57: GEOM-TRACE-BGA-320 | Y57: eta-tin copper | Z57: supplier alias | AA57: not resolved across AFLOW, NIST, and supplier evidence | AB57: Known source label(s) for this canonical material; current evidence row uses the canonical ID. | AC57: No | AL57: data/data/design/trace_geometry.csv | AM57: Geometry | AN57: 6 | AO57: Retained for identity, source, scope, or design traceability. | AP57: stack=BGA-SN; length=28.0 mm; width=320.0 um | AW57: 28 | AX57: 320
A58: 58 | B58: Source_Register row 58 | C58: IDENT-C10100-OFHC | D58: MAT-CU-C101 | E58: Cu — C10100 OFHC copper | H58: Supplier/configuration identity | I58: ALIAS-CU-0726 · material_aliases.json | J58: Identity_Map · row 2 | L58: included_supporting_evidence | M58: declared alias/notation mapping; alias alone does not prove cross-source identity | N58: C10100 OFHC copper | O58: identity mapping | P58: C10100 OFHC | Q58: Cu | R58: mapping | W58: ALIAS-CU-0726 | X58: IDENT-C10100-OFHC | Y58: C10100 OFHC | Z58: supplier alias | AA58: resolved to elemental Cu structure; supplier grade remains supplier-controlled | AB58: declared mapping; requires independent corroboration where identity_status is unresolved | AC58: No | AL58: data/config/qualification/material_aliases.json | AM58: Identity_Map | AN58: 2 | AO58: Retained for identity, source, scope, or design traceability.
A59: 59 | B59: Source_Register row 59 | C59: IDENT-E-Cu58 | D59: MAT-CU-WIRE | E59: Cu (supplier grade claim) — E-Cu58 copper wire | H59: Supplier/configuration identity | I59: ALIAS-CU-0726 · material_aliases.json | J59: Identity_Map · row 3 | L59: included_supporting_evidence | M59: declared alias/notation mapping; alias alone does not prove cross-source identity | N59: E-Cu58 copper wire | O59: identity mapping | P59: E-Cu58 | Q59: Cu (supplier grade claim) | R59: mapping | W59: ALIAS-CU-0726 | X59: IDENT-E-Cu58 | Y59: E-Cu58 | Z59: supplier alias | AA59: not resolved across AFLOW, NIST, and supplier evidence | AB59: declared mapping; requires independent corroboration where identity_status is unresolved | AC59: No | AL59: data/config/qualification/material_aliases.json | AM59: Identity_Map | AN59: 3 | AO59: Retained for identity, source, scope, or design traceability.
A60: 60 | B60: Source_Register row 60 | C60: IDENT-HB-electro-Cu | D60: MAT-CU-HBPLATE | E60: Cu — Hybrid-bond electroplated copper | H60: Supplier/configuration identity | I60: ALIAS-CU-0726 · material_aliases.json | J60: Identity_Map · row 4 | L60: included_supporting_evidence | M60: declared alias/notation mapping; alias alone does not prove cross-source identity | N60: Hybrid-bond electroplated copper | O60: identity mapping | P60: HB electro-Cu | Q60: Cu | R60: mapping | W60: ALIAS-CU-0726 | X60: IDENT-HB-electro-Cu | Y60: HB electro-Cu | Z60: supplier alias | AA60: resolved at supplier/process and NIST application-family level; no process-specific AFLOW record | AB60: declared mapping; requires independent corroboration where identity_status is unresolved | AC60: No | AL60: data/config/qualification/material_aliases.json | AM60: Identity_Map | AN60: 4 | AO60: Retained for identity, source, scope, or design traceability.
A61: 61 | B61: Source_Register row 61 | C61: IDENT-eta-tin-copper | D61: MAT-CU3SN-ETA | E61: Cu3Sn — Eta copper-tin intermetallic | H61: Supplier/configuration identity | I61: ALIAS-CU-0726 · material_aliases.json | J61: Identity_Map · row 5 | L61: included_supporting_evidence | M61: declared alias/notation mapping; alias alone does not prove cross-source identity | N61: Eta copper-tin intermetallic | O61: identity mapping | P61: eta-tin copper | Q61: Cu3Sn | R61: mapping | W61: ALIAS-CU-0726 | X61: IDENT-eta-tin-copper | Y61: eta-tin copper | Z61: supplier alias | AA61: not resolved across AFLOW, NIST, and supplier evidence | AB61: declared mapping; requires independent corroboration where identity_status is unresolved | AC61: No | AL61: data/config/qualification/material_aliases.json | AM61: Identity_Map | AN61: 5 | AO61: Retained for identity, source, scope, or design traceability.
A62: 62 | B62: Source_Register row 62 | C62: IDENT-cupric-sulfate | D62: MAT-CUSO4-CUPRIC | E62: CuSO4 — Cupric sulfate | H62: Supplier/configuration identity | I62: ALIAS-CU-0726 · material_aliases.json | J62: Identity_Map · row 6 | L62: included_supporting_evidence | M62: declared alias/notation mapping; alias alone does not prove cross-source identity | N62: Cupric sulfate | O62: identity mapping | P62: cupric sulfate | Q62: CuSO4 | R62: mapping | W62: ALIAS-CU-0726 | X62: IDENT-cupric-sulfate | Y62: cupric sulfate | Z62: supplier alias | AA62: comparator/identity context; not a July release material | AB62: declared mapping; requires independent corroboration where identity_status is unresolved | AC62: No | AL62: data/config/qualification/material_aliases.json | AM62: Identity_Map | AN62: 6 | AO62: Retained for identity, source, scope, or design traceability.
A63: 63 | B63: Source_Register row 63 | C63: IDENT-Cu-1O | D63: MAT-CU2O-CUPRITE | E63: Cu2O — Copper(I) oxide / cuprite | H63: Supplier/configuration identity | I63: SUP-CU-449 / ALIAS-CU-0726 · copper_source_memo.docx | J63: Identity_Map · row 7 | L63: included_supporting_evidence | M63: declared alias/notation mapping; alias alone does not prove cross-source identity | N63: Copper(I) oxide / cuprite | O63: identity mapping | P63: Cu^1O | Q63: Cu2O | R63: mapping | W63: SUP-CU-449 / ALIAS-CU-0726 | X63: IDENT-Cu-1O | Y63: Cu^1O | Z63: legacy oxidation-state notation | AA63: comparator/identity context; not a July release material | AB63: monovalent copper oxide, cuprite; the superscript is an oxidation-state marker, not a stoichiometric subscript | AC63: No | AL63: data/docs/supplier/copper_source_memo.docx; data/config/qualification/material_aliases.json | AM63: Identity_Map | AN63: 7 | AO63: Retained for identity, source, scope, or design traceability. | AP63: monovalent copper oxide, cuprite; the superscript is an oxidation-state marker, not a stoichiometric subscript
A64: 64 | B64: Source_Register row 64 | C64: IDENT-Cu-2O | D64: MAT-CUO-TENORITE | E64: CuO — Copper(II) oxide / tenorite | H64: Supplier/configuration identity | I64: SUP-CU-449 / ALIAS-CU-0726 · copper_source_memo.docx | J64: Identity_Map · row 8 | L64: included_supporting_evidence | M64: declared alias/notation mapping; alias alone does not prove cross-source identity | N64: Copper(II) oxide / tenorite | O64: identity mapping | P64: Cu^2O | Q64: CuO | R64: mapping | W64: SUP-CU-449 / ALIAS-CU-0726 | X64: IDENT-Cu-2O | Y64: Cu^2O | Z64: legacy oxidation-state notation | AA64: comparator/identity context; not a July release material | AB64: divalent copper oxide, tenorite; supplier shorthand omits the current formula convention | AC64: No | AL64: data/docs/supplier/copper_source_memo.docx; data/config/qualification/material_aliases.json | AM64: Identity_Map | AN64: 8 | AO64: Retained for identity, source, scope, or design traceability. | AP64: divalent copper oxide, tenorite; supplier shorthand omits the current formula convention
A65: 65 | B65: Source_Register row 65 | C65: LOTREC-LOT-CU-2607-A | D65: MAT-CU-C101 | E65: Cu — C10100 OFHC copper | F65: LOT-CU-2607-A | G65: TRACE-HDI-110 | H65: Supplier specification/intake | I65: SUP-LOT / SUP-CU-449 · lot_release_register.xlsx | J65: Lots · row 2 | L65: included_supporting_evidence | M65: supplier intake record; supplier-declared identity and scope | N65: C10100 OFHC copper | O65: supplier lot record | P65: C10100 OFHC | Q65: MTR-LIS-26-071 | W65: SUP-LOT / SUP-CU-449 | X65: LOTREC-LOT-CU-2607-A | Y65: C10100 OFHC | Z65: supplier alias | AA65: resolved to elemental Cu structure; supplier grade remains supplier-controlled | AB65: C10100 OFHC mapped to MAT-CU-C101 by ALIAS-CU-0726; supplier batch MTR-LIS-26-071 | AC65: No | AL65: data/data/supplier/lot_release_register.xlsx | AM65: Lots | AN65: 2 | AO65: Retained for identity, source, scope, or design traceability. | AP65: standard July conductor pull
A66: 66 | B66: Source_Register row 66 | C66: LOTREC-LOT-CU-2607-B | D66: MAT-CU-WIRE | E66: Cu (supplier grade claim) — E-Cu58 copper wire | F66: LOT-CU-2607-B | G66: TRACE-HB-180 | H66: Supplier specification/intake | I66: SUP-LOT / SUP-CU-449 · lot_release_register.xlsx | J66: Lots · row 3 | L66: included_supporting_evidence | M66: supplier intake record; supplier-declared identity and scope | N66: E-Cu58 copper wire | O66: supplier lot record | P66: E-Cu58 | Q66: MTR-LIS-26-072 | W66: SUP-LOT / SUP-CU-449 | X66: LOTREC-LOT-CU-2607-B | Y66: E-Cu58 | Z66: supplier alias | AA66: not resolved across AFLOW, NIST, and supplier evidence | AB66: E-Cu58 mapped to MAT-CU-WIRE by ALIAS-CU-0726; supplier batch MTR-LIS-26-072 | AC66: No | AL66: data/data/supplier/lot_release_register.xlsx | AM66: Lots | AN66: 3 | AO66: Retained for identity, source, scope, or design traceability. | AP66: annealed stitch wire coupon
A67: 67 | B67: Source_Register row 67 | C67: LOTREC-LOT-CU-2607-C | D67: MAT-CU-HBPLATE | E67: Cu — Hybrid-bond electroplated copper | F67: LOT-CU-2607-C | G67: TRACE-HB-205 | H67: Supplier specification/intake | I67: SUP-LOT / SUP-CU-449 · lot_release_register.xlsx | J67: Lots · row 4 | L67: included_supporting_evidence | M67: supplier intake record; supplier-declared identity and scope | N67: Hybrid-bond electroplated copper | O67: supplier lot record | P67: HB electro-Cu | Q67: MTR-LIS-26-073 | W67: SUP-LOT / SUP-CU-449 | X67: LOTREC-LOT-CU-2607-C | Y67: HB electro-Cu | Z67: supplier alias | AA67: resolved at supplier/process and NIST application-family level; no process-specific AFLOW record | AB67: HB electro-Cu mapped to MAT-CU-HBPLATE by ALIAS-CU-0726; supplier batch MTR-LIS-26-073 | AC67: No | AL67: data/data/supplier/lot_release_register.xlsx | AM67: Lots | AN67: 4 | AO67: Retained for identity, source, scope, or design traceability. | AP67: hybrid bonding RDL plating
A68: 68 | B68: Source_Register row 68 | C68: LOTREC-LOT-CU-2607-D | D68: MAT-CU-HBPLATE | E68: Cu — Hybrid-bond electroplated copper | F68: LOT-CU-2607-D | G68: TRACE-HB-225 | H68: Supplier specification/intake | I68: SUP-LOT / SUP-CU-449 · lot_release_register.xlsx | J68: Lots · row 5 | L68: included_supporting_evidence | M68: supplier intake record; supplier-declared identity and scope | N68: Hybrid-bond electroplated copper | O68: supplier lot record | P68: HB electro-Cu | Q68: MTR-LIS-26-074 | W68: SUP-LOT / SUP-CU-449 | X68: LOTREC-LOT-CU-2607-D | Y68: HB electro-Cu | Z68: supplier alias | AA68: resolved at supplier/process and NIST application-family level; no process-specific AFLOW record | AB68: HB electro-Cu mapped to MAT-CU-HBPLATE by ALIAS-CU-0726; supplier batch MTR-LIS-26-074 | AC68: No | AL68: data/data/supplier/lot_release_register.xlsx | AM68: Lots | AN68: 5 | AO68: Retained for identity, source, scope, or design traceability. | AP68: high aspect ratio panel HB-0726-CU04
A69: 69 | B69: Source_Register row 69 | C69: LOTREC-LOT-CU-2607-E | D69: MAT-CU3SN-ETA | E69: Cu3Sn — Eta copper-tin intermetallic | F69: LOT-CU-2607-E | G69: TRACE-BGA-320 | H69: Supplier specification/intake | I69: SUP-LOT / SUP-CU-449 · lot_release_register.xlsx | J69: Lots · row 6 | L69: included_supporting_evidence | M69: supplier intake record; supplier-declared identity and scope | N69: Eta copper-tin intermetallic | O69: supplier lot record | P69: eta-tin copper | Q69: MTR-LIS-26-075 | W69: SUP-LOT / SUP-CU-449 | X69: LOTREC-LOT-CU-2607-E | Y69: eta-tin copper | Z69: supplier alias | AA69: not resolved across AFLOW, NIST, and supplier evidence | AB69: eta-tin copper mapped to MAT-CU3SN-ETA by ALIAS-CU-0726; supplier batch MTR-LIS-26-075 | AC69: No | AL69: data/data/supplier/lot_release_register.xlsx | AM69: Lots | AN69: 6 | AO69: Retained for identity, source, scope, or design traceability. | AP69: intermetallic coupon from solderability lot
A70: 70 | B70: Source_Register row 70 | C70: LOTREC-LOT-CU-2606-Z | D70: MAT-CU-C101 | E70: Cu — C10100 OFHC copper | F70: LOT-CU-2606-Z | G70: TRACE-HDI-090 | H70: Supplier specification/intake | I70: SUP-LOT / SUP-CU-449 · lot_release_register.xlsx | J70: Lots · row 7 | L70: included_traceability_context_only | M70: supplier intake record; supplier-declared identity and scope | N70: C10100 OFHC copper | O70: supplier lot record | P70: C10100 OFHC | Q70: MTR-LIS-26-044 | W70: SUP-LOT / SUP-CU-449 | X70: LOTREC-LOT-CU-2606-Z | Y70: C10100 OFHC | Z70: supplier alias | AA70: resolved to elemental Cu structure; supplier grade remains supplier-controlled | AB70: C10100 OFHC mapped to MAT-CU-C101 by ALIAS-CU-0726; supplier batch MTR-LIS-26-044 | AC70: No | AL70: data/data/supplier/lot_release_register.xlsx | AM70: Lots | AN70: 7 | AO70: Prior-month archive lot; excluded from July release count. | AP70: prior month retain sample
A71: 71 | B71: Source_Register row 71 | C71: XR17-CAL-20260708 | D71: MAT-CU-HBPLATE | E71: Cu — Hybrid-bond electroplated copper | H71: Process metrology | I71: PCN-HB-044 / XR-17 log · 2026-07-08.log | J71: Metrology · row 2 | L71: included_measured_evidence | M71: XR-17 calibration support record | N71: Hybrid-bond electroplated copper | O71: plating metrology | P71: calibration_check | Q71: PASS | V71: XR-17 | W71: PCN-HB-044 / XR-17 log | X71: XR17-CAL-20260708 | Y71: HB electro-Cu | Z71: supplier alias | AA71: resolved at supplier/process and NIST application-family level; no process-specific AFLOW record | AB71: Known source label(s) for this canonical material; current evidence row uses the canonical ID. | AC71: No | AL71: data/logs/plating/2026-07-08.log | AM71: Metrology | AN71: 2 | AO71: Measured evidence retained under its recorded conditions and scope. | AP71: 2026-07-08 20:59:43.104
A72: 72 | B72: Source_Register row 72 | C72: XR17-LOT-C-AVG | D72: MAT-CU-HBPLATE | E72: Cu — Hybrid-bond electroplated copper | F72: LOT-CU-2607-C | G72: TRACE-HB-205 | H72: Process metrology | I72: PCN-HB-044 / XR-17 log · 2026-07-08.log | J72: Metrology · row 3 | L72: included_measured_evidence | M72: measured XR-17 metrology record | N72: Hybrid-bond electroplated copper | O72: plating metrology | P72: average_thickness | Q72: 18.4 | R72: um | V72: XR-17 | W72: PCN-HB-044 / XR-17 log | X72: XR17-LOT-C-AVG | Y72: HB electro-Cu | Z72: supplier alias | AA72: resolved at supplier/process and NIST application-family level; no process-specific AFLOW record | AB72: Known source label(s) for this canonical material; current evidence row uses the canonical ID. | AC72: Yes | AD72: controlled process change notice | AE72: PCN-HB-044 Rev. C | AF72: Marco Ramos, Process Integration Manager | AG72: 46208 | AH72: July 2026 HB- stack-code RDL and stitch coupon lots | AI72: CCP-CU-180 Rev. 2 E-3 finished copper thickness floor, 18.0 um | AJ72: 17.5 | AK72: um | AL72: data/logs/plating/2026-07-08.log | AM72: Metrology | AN72: 3 | AO72: Measured evidence retained under its recorded conditions and scope. | AP72: 2026-07-08 21:06:12.488 | AY72: 18.4 | AZ72: 12
A73: 73 | B73: Source_Register row 73 | C73: XR17-LOT-D-AVG | D73: MAT-CU-HBPLATE | E73: Cu — Hybrid-bond electroplated copper | F73: LOT-CU-2607-D | G73: TRACE-HB-225 | H73: Process metrology | I73: PCN-HB-044 / XR-17 log · 2026-07-08.log | J73: Metrology · row 4 | L73: included_measured_evidence | M73: measured XR-17 metrology record | N73: Hybrid-bond electroplated copper | O73: plating metrology | P73: average_thickness | Q73: 17.8 | R73: um | V73: XR-17 | W73: PCN-HB-044 / XR-17 log | X73: XR17-LOT-D-AVG | Y73: HB electro-Cu | Z73: supplier alias | AA73: resolved at supplier/process and NIST application-family level; no process-specific AFLOW record | AB73: Known source label(s) for this canonical material; current evidence row uses the canonical ID. | AC73: Yes | AD73: controlled process change notice | AE73: PCN-HB-044 Rev. C | AF73: Marco Ramos, Process Integration Manager | AG73: 46208 | AH73: July 2026 HB- stack-code RDL and stitch coupon lots | AI73: CCP-CU-180 Rev. 2 E-3 finished copper thickness floor, 18.0 um | AJ73: 17.5 | AK73: um | AL73: data/logs/plating/2026-07-08.log | AM73: Metrology | AN73: 4 | AO73: Measured evidence retained under its recorded conditions and scope. | AP73: 2026-07-08 21:14:17.482 | AY73: 17.8 | AZ73: 12
A74: 74 | B74: Source_Register row 74 | C74: XR17-LOT-D-EDGE-E11 | D74: MAT-CU-HBPLATE | E74: Cu — Hybrid-bond electroplated copper | F74: LOT-CU-2607-D | G74: TRACE-HB-225 | H74: Process metrology | I74: PCN-HB-044 / XR-17 log · 2026-07-08.log | J74: Metrology · row 5 | L74: included_measured_evidence | M74: measured XR-17 metrology record | N74: Hybrid-bond electroplated copper | O74: plating metrology | P74: edge_thickness | Q74: 17.1 | R74: um | V74: XR-17 | W74: PCN-HB-044 / XR-17 log | X74: XR17-LOT-D-EDGE-E11 | Y74: HB electro-Cu | Z74: supplier alias | AA74: resolved at supplier/process and NIST application-family level; no process-specific AFLOW record | AB74: Known source label(s) for this canonical material; current evidence row uses the canonical ID. | AC74: Yes | AD74: controlled process change notice | AE74: PCN-HB-044 Rev. C | AF74: Marco Ramos, Process Integration Manager | AG74: 46208 | AH74: July 2026 HB- stack-code RDL and stitch coupon lots | AI74: CCP-CU-180 Rev. 2 E-3 finished copper thickness floor, 18.0 um | AJ74: 17.5 | AK74: um | AL74: data/logs/plating/2026-07-08.log | AM74: Metrology | AN74: 5 | AO74: Measured evidence retained under its recorded conditions and scope. | AP74: 2026-07-08 21:19:32.915 | AY74: 17.1 | AZ74: 1
A75: 75 | B75: Source_Register row 75 | C75: XR17-LOT-D-RERUN | D75: MAT-CU-HBPLATE | E75: Cu — Hybrid-bond electroplated copper | F75: LOT-CU-2607-D | G75: TRACE-HB-225 | H75: Process metrology | I75: PCN-HB-044 / XR-17 log · 2026-07-08.log | J75: Metrology · row 6 | L75: included_measured_evidence | M75: measured XR-17 metrology record | N75: Hybrid-bond electroplated copper | O75: plating metrology | P75: rerun_average_thickness | Q75: 17.8 | R75: um | V75: XR-17 | W75: PCN-HB-044 / XR-17 log | X75: XR17-LOT-D-RERUN | Y75: HB electro-Cu | Z75: supplier alias | AA75: resolved at supplier/process and NIST application-family level; no process-specific AFLOW record | AB75: Known source label(s) for this canonical material; current evidence row uses the canonical ID. | AC75: Yes | AD75: controlled process change notice | AE75: PCN-HB-044 Rev. C | AF75: Marco Ramos, Process Integration Manager | AG75: 46208 | AH75: July 2026 HB- stack-code RDL and stitch coupon lots | AI75: CCP-CU-180 Rev. 2 E-3 finished copper thickness floor, 18.0 um | AJ75: 17.5 | AK75: um | AL75: data/logs/plating/2026-07-08.log | AM75: Metrology | AN75: 6 | AO75: Measured evidence retained under its recorded conditions and scope. | AP75: 2026-07-08 21:25:51.078 | AY75: 17.8 | AZ75: 12
A79: Controlled chemistry limits and documented waiver — imported from source_register.xlsx / Standards_Limits
A80: limit_input_id | B80: document_id | C80: revision | D80: effective_date | E80: author | F80: source_kind | G80: applicability | H80: impurity | I80: limit_value | J80: unit | K80: source_anchor
A81: LIMIT-001 | B81: STD-CU-101 | C81: 2.1 | D81: 46191 | E81: Anika Rao, Materials Standards Lead | F81: base | G81: all July conductor lots | H81: Oxygen | I81: 8 | J81: ppm | K81: STD-CU-101 · base_material_limits.docx
A82: LIMIT-002 | B82: STD-CU-101 | C82: 2.1 | D82: 46191 | E82: Anika Rao, Materials Standards Lead | F82: base | G82: all July conductor lots | H82: Sulfur | I82: 8 | J82: ppm | K82: STD-CU-101 · base_material_limits.docx
A83: LIMIT-003 | B83: STD-CU-101 | C83: 2.1 | D83: 46191 | E83: Anika Rao, Materials Standards Lead | F83: base | G83: all July conductor lots | H83: Lead | I83: 5 | J83: ppm | K83: STD-CU-101 · base_material_limits.docx
A84: LIMIT-004 | B84: STD-CU-101 | C84: 2.1 | D84: 46191 | E84: Anika Rao, Materials Standards Lead | F84: base | G84: all July conductor lots | H84: Bismuth | I84: 3 | J84: ppm | K84: STD-CU-101 · base_material_limits.docx
A85: LIMIT-005 | B85: STD-CU-101 | C85: 2.1 | D85: 46191 | E85: Anika Rao, Materials Standards Lead | F85: base | G85: all July conductor lots | H85: Iron | I85: 10 | J85: ppm | K85: STD-CU-101 · base_material_limits.docx
A86: LIMIT-006 | B86: STD-CU-101 | C86: 2.1 | D86: 46191 | E86: Anika Rao, Materials Standards Lead | F86: base | G86: all July conductor lots | H86: Nickel | I86: 10 | J86: ppm | K86: STD-CU-101 · base_material_limits.docx
A87: LIMIT-007 | B87: CQA-CU-772 | C87: 1.0 | D87: 46205 | E87: Priya Natarajan, Customer Quality Liaison | F87: customer | G87: July HDI, HB, and BGA coupon lots | H87: Sulfur | I87: 4 | J87: ppm | K87: CQA-CU-772 · customer_addendum.docx
A88: LIMIT-008 | B88: CQA-CU-772 | C88: 1.0 | D88: 46205 | E88: Priya Natarajan, Customer Quality Liaison | F88: customer | G88: July HDI, HB, and BGA coupon lots | H88: Scope | I88: Applies to July 2026 PCB conductor lots for HDI, HB, and BGA coupon work | J88: ppm | K88: CQA-CU-772 · customer_addendum.docx
A89: LIMIT-009 | B89: CQA-CU-772 | C89: 1.0 | D89: 46205 | E89: Priya Natarajan, Customer Quality Liaison | F89: customer | G89: July HDI, HB, and BGA coupon lots | H89: Interpretation | I89: Where this addendum conflicts with published standards, the lower impurity ceiling governs. | J89: ppm | K89: CQA-CU-772 · customer_addendum.docx
A90: LIMIT-010 | B90: STD-CU-214 | C90: 1.4 | D90: 46194 | E90: Meredith Chen, Plating Process Owner | F90: product-family | G90: HB-RDL and other electroplated conductor families | H90: Oxygen | I90: 6 | J90: ppm | K90: STD-CU-214 · plating_limits.docx
A91: LIMIT-011 | B91: STD-CU-214 | C91: 1.4 | D91: 46194 | E91: Meredith Chen, Plating Process Owner | F91: product-family | G91: HB-RDL and other electroplated conductor families | H91: Sulfur | I91: 7 | J91: ppm | K91: STD-CU-214 · plating_limits.docx
A92: LIMIT-012 | B92: STD-CU-214 | C92: 1.4 | D92: 46194 | E92: Meredith Chen, Plating Process Owner | F92: product-family | G92: HB-RDL and other electroplated conductor families | H92: Lead | I92: 6 | J92: ppm | K92: STD-CU-214 · plating_limits.docx
A93: LIMIT-013 | B93: STD-CU-214 | C93: 1.4 | D93: 46194 | E93: Meredith Chen, Plating Process Owner | F93: product-family | G93: HB-RDL and other electroplated conductor families | H93: Bismuth | I93: 2.5 | J93: ppm | K93: STD-CU-214 · plating_limits.docx
A94: LIMIT-014 | B94: STD-CU-214 | C94: 1.4 | D94: 46194 | E94: Meredith Chen, Plating Process Owner | F94: product-family | G94: HB-RDL and other electroplated conductor families | H94: Iron | I94: 8 | J94: ppm | K94: STD-CU-214 · plating_limits.docx
A95: LIMIT-015 | B95: STD-CU-214 | C95: 1.4 | D95: 46194 | E95: Meredith Chen, Plating Process Owner | F95: product-family | G95: HB-RDL and other electroplated conductor families | H95: Nickel | I95: 8 | J95: ppm | K95: STD-CU-214 · plating_limits.docx
A96: LIMIT-016 | B96: STD-CU-309 | C96: 3.0 | D96: 46172 | E96: Evan Brooks, Incoming Quality Engineer | F96: product-family | G96: incoming E-Cu58 and stitch-wire coupons | H96: Oxygen | I96: 5 | J96: ppm | K96: STD-CU-309 · wire_rod_limits.docx
A97: LIMIT-017 | B97: STD-CU-309 | C97: 3.0 | D97: 46172 | E97: Evan Brooks, Incoming Quality Engineer | F97: product-family | G97: incoming E-Cu58 and stitch-wire coupons | H97: Sulfur | I97: 6 | J97: ppm | K97: STD-CU-309 · wire_rod_limits.docx
A98: LIMIT-018 | B98: STD-CU-309 | C98: 3.0 | D98: 46172 | E98: Evan Brooks, Incoming Quality Engineer | F98: product-family | G98: incoming E-Cu58 and stitch-wire coupons | H98: Lead | I98: 7 | J98: ppm | K98: STD-CU-309 · wire_rod_limits.docx
A99: LIMIT-019 | B99: STD-CU-309 | C99: 3.0 | D99: 46172 | E99: Evan Brooks, Incoming Quality Engineer | F99: product-family | G99: incoming E-Cu58 and stitch-wire coupons | H99: Bismuth | I99: 3 | J99: ppm | K99: STD-CU-309 · wire_rod_limits.docx
A100: LIMIT-020 | B100: STD-CU-309 | C100: 3.0 | D100: 46172 | E100: Evan Brooks, Incoming Quality Engineer | F100: product-family | G100: incoming E-Cu58 and stitch-wire coupons | H100: Iron | I100: 12 | J100: ppm | K100: STD-CU-309 · wire_rod_limits.docx
A101: LIMIT-021 | B101: STD-CU-309 | C101: 3.0 | D101: 46172 | E101: Evan Brooks, Incoming Quality Engineer | F101: product-family | G101: incoming E-Cu58 and stitch-wire coupons | H101: Nickel | I101: 5 | J101: ppm | K101: STD-CU-309 · wire_rod_limits.docx
A102: LIMIT-022 | B102: MAT-WVR-26-071 | D102: 46209 | E102: Nora Patel, Quality Engineering Manager | F102: approved waiver | G102: LOT-CU-2607-B annealed stitch-wire coupon only | H102: Oxygen | I102: 7 | J102: ppm | K102: MAT-WVR-26-071 · 2026-07-06_panel_deviation_thread__nora-patel.eml
A105: Protocol-condition inputs — imported from source_register.xlsx / Protocol_Conditions
A106: protocol_input_id | B106: document_id | C106: revision | D106: property_class | E106: temperature_requirement | F106: pressure_requirement | G106: strain_rate_requirement | H106: allowed_method_or_note | I106: source_anchor
...

Sheet Calculations
A1: A. Protocol-condition matched measured evidence
A3: calc_id | B3: record_id | C3: material_id | D3: property | E3: value | F3: unit | G3: temperature_C | H3: pressure_kPa | I3: strain_rate_s-1 | J3: method | K3: protocol_rule | L3: condition_match | M3: priority_result | N3: input_anchor | O3: source_anchor | P3: selected_value | Q3: selection_status | R3: visible_formula_logic
A4: CM-01 | B4: LR-COND-0726-02 | C4: =Inputs!$D$34 -> MAT-CU-C101 | D4: =Inputs!$P$34 -> resistivity_20c | E4: =Inputs!$Q$34 -> 1.699 | F4: =Inputs!$R$34 -> uohm_cm | G4: =Inputs!$S$34 -> 20 | H4: =Inputs!$T$34 -> 101.3 | I4: =Inputs!$U$34 -> 0.001 | J4: =Inputs!$V$34 -> LM-CU-07 | K4: 20 C reference; ambient pressure | L4: =AND(G4=20,H4<>"") -> TRUE | M4: Selected measured value | N4: Inputs row 34 | O4: =Inputs!$I$34 -> LAB-COND · conductivity_panel_tests.csv | P4: =IF(AND(L4=TRUE(),M4="Selected measured value"),E4,NA()) -> 1.699 | Q4: =IF(ISNUMBER(P4),"SELECTED","EXCLUDED") -> SELECTED | R4: IF(condition_match AND measured-priority, reported value, NA)
A5: CM-02 | B5: LR-COND-0726-06 | C5: =Inputs!$D$39 -> MAT-CU-HBPLATE | D5: =Inputs!$P$39 -> resistivity_20c | E5: =Inputs!$Q$39 -> 1.762 | F5: =Inputs!$R$39 -> uohm_cm | G5: =Inputs!$S$39 -> 20 | H5: =Inputs!$T$39 -> 101.3 | I5: =Inputs!$U$39 -> 0.001 | J5: =Inputs!$V$39 -> LM-CU-07 | K5: 20 C reference; ambient pressure | L5: =AND(G5=20,H5<>"") -> TRUE | M5: Selected measured value | N5: Inputs row 39 | O5: =Inputs!$I$39 -> LAB-COND · conductivity_panel_tests.csv | P5: =IF(AND(L5=TRUE(),M5="Selected measured value"),E5,NA()) -> 1.762 | Q5: =IF(ISNUMBER(P5),"SELECTED","EXCLUDED") -> SELECTED | R5: IF(condition_match AND measured-priority, reported value, NA)
A6: CM-03 | B6: LR-THERM-0726-01 | C6: =Inputs!$D$41 -> MAT-CU-C101 | D6: =Inputs!$P$41 -> thermal_conductivity | E6: =Inputs!$Q$41 -> 392.6 | F6: =Inputs!$R$41 -> W_mK | G6: =Inputs!$S$41 -> 23 | H6: =Inputs!$T$41 -> 101.3 | I6: =Inputs!$U$41 -> 0.001 | J6: =Inputs!$V$41 -> LM-CU-07 | K6: 23 +/- 2 C; 101.3 +/- 5 kPa | L6: =AND(G6>=21,G6<=25,H6>=96.3,H6<=106.3) -> TRUE | M6: Selected measured value | N6: Inputs row 41 | O6: =Inputs!$I$41 -> LAB-COND · conductivity_panel_tests.csv | P6: =IF(AND(L6=TRUE(),M6="Selected measured value"),E6,NA()) -> 392.6 | Q6: =IF(ISNUMBER(P6),"SELECTED","EXCLUDED") -> SELECTED | R6: IF(condition_match AND measured-priority, reported value, NA)
A7: CM-04 | B7: LR-THERM-0726-02 | C7: =Inputs!$D$42 -> MAT-CU-HBPLATE | D7: =Inputs!$P$42 -> thermal_conductivity | E7: =Inputs!$Q$42 -> 386.8 | F7: =Inputs!$R$42 -> W_mK | G7: =Inputs!$S$42 -> 23 | H7: =Inputs!$T$42 -> 101.3 | I7: =Inputs!$U$42 -> 0.001 | J7: =Inputs!$V$42 -> LM-CU-07 | K7: 23 +/- 2 C; 101.3 +/- 5 kPa | L7: =AND(G7>=21,G7<=25,H7>=96.3,H7<=106.3) -> TRUE | M7: Selected measured value | N7: Inputs row 42 | O7: =Inputs!$I$42 -> LAB-COND · conductivity_panel_tests.csv | P7: =IF(AND(L7=TRUE(),M7="Selected measured value"),E7,NA()) -> 386.8 | Q7: =IF(ISNUMBER(P7),"SELECTED","EXCLUDED") -> SELECTED | R7: IF(condition_match AND measured-priority, reported value, NA)
A8: CM-05 | B8: MECH-0726-01 | C8: =Inputs!$D$43 -> MAT-CU-HBPLATE | D8: =Inputs!$P$43 -> yield_strength | E8: =Inputs!$Q$43 -> 219 | F8: =Inputs!$R$43 -> MPa | G8: =Inputs!$S$43 -> 23 | H8: =Inputs!$T$43 -> 101.3 | I8: =Inputs!$U$43 -> 0.001 | J8: =Inputs!$V$43 -> IIT-AFM | K8: 23 +/- 2 C; 101.3 +/- 5 kPa; 1.0E-3 s^-1 | L8: =AND(G8>=21,G8<=25,H8>=96.3,H8<=106.3,I8=0.001) -> TRUE | M8: Selected measured value | N8: Inputs row 43 | O8: =Inputs!$I$43 -> LAB-MECH · mechanical_property_runs.csv | P8: =IF(AND(L8=TRUE(),M8="Selected measured value"),E8,NA()) -> 219 | Q8: =IF(ISNUMBER(P8),"SELECTED","EXCLUDED") -> SELECTED | R8: IF(condition_match AND measured-priority, reported value, NA)
A9: CM-06 | B9: MECH-0726-03 | C9: =Inputs!$D$45 -> MAT-CU-HBPLATE | D9: =Inputs!$P$45 -> hardness | E9: =Inputs!$Q$45 -> 0.92 | F9: =Inputs!$R$45 -> GPa | G9: =Inputs!$S$45 -> 23 | H9: =Inputs!$T$45 -> 101.3 | I9: =Inputs!$U$45 -> 0.001 | J9: =Inputs!$V$45 -> IIT-AFM | K9: 23 +/- 2 C; 101.3 +/- 5 kPa; 1.0E-3 s^-1 | L9: =AND(G9>=21,G9<=25,H9>=96.3,H9<=106.3,I9=0.001) -> TRUE | M9: Selected measured value | N9: Inputs row 45 | O9: =Inputs!$I$45 -> LAB-MECH · mechanical_property_runs.csv | P9: =IF(AND(L9=TRUE(),M9="Selected measured value"),E9,NA()) -> 0.92 | Q9: =IF(ISNUMBER(P9),"SELECTED","EXCLUDED") -> SELECTED | R9: IF(condition_match AND measured-priority, reported value, NA)
A10: CM-07 | B10: MECH-0726-04 | C10: =Inputs!$D$46 -> MAT-CU-C101 | D10: =Inputs!$P$46 -> yield_strength | E10: =Inputs!$Q$46 -> 205 | F10: =Inputs!$R$46 -> MPa | G10: =Inputs!$S$46 -> 23 | H10: =Inputs!$T$46 -> 101.3 | I10: =Inputs!$U$46 -> 0.001 | J10: =Inputs!$V$46 -> tensile_microcoupon | K10: 23 +/- 2 C; 101.3 +/- 5 kPa; 1.0E-3 s^-1 | L10: =AND(G10>=21,G10<=25,H10>=96.3,H10<=106.3,I10=0.001) -> TRUE | M10: Selected measured value | N10: Inputs row 46 | O10: =Inputs!$I$46 -> LAB-MECH · mechanical_property_runs.csv | P10: =IF(AND(L10=TRUE(),M10="Selected measured value"),E10,NA()) -> 205 | Q10: =IF(ISNUMBER(P10),"SELECTED","EXCLUDED") -> SELECTED | R10: IF(condition_match AND measured-priority, reported value, NA)
A13: B. Like-for-like property comparisons only
A14: comparison_id | B14: property | C14: material_A | D14: value_A | E14: material_B | F14: value_B | G14: unit | H14: difference_B_minus_A | I14: percent_difference | J14: condition_basis
A15: CMP-01 | B15: resistivity_20c | C15: =C4 -> MAT-CU-C101 | D15: =E4 -> 1.699 | E15: =C5 -> MAT-CU-HBPLATE | F15: =E5 -> 1.762 | G15: =F4 -> uohm_cm | H15: =F15-D15 -> 0.063 | I15: =IFERROR(H15/D15,"") -> 0.037080636 | J15: 20 C reference
A16: CMP-02 | B16: thermal_conductivity | C16: =C6 -> MAT-CU-C101 | D16: =E6 -> 392.6 | E16: =C7 -> MAT-CU-HBPLATE | F16: =E7 -> 386.8 | G16: =F6 -> W_mK | H16: =F16-D16 -> -5.8 | I16: =IFERROR(H16/D16,"") -> -0.014773306 | J16: 23 C; 101.3 kPa
A19: C. LOT-CU-2607-D trace resistance at service temperature
A20: calc_id | B20: resistivity_uohm_cm | C20: length_mm | D20: width_um | E20: average_thickness_um | F20: reference_temp_C | G20: service_temp_C | H20: alpha_per_C | I20: R20_mOhm | J20: Rservice_mOhm | K20: limit_mOhm | L20: margin_mOhm | M20: selected_property_source | N20: visible_formula_logic
A21: RES-D | B21: =P5 -> 1.762 | C21: =Inputs!$AW$56 -> 50 | D21: =Inputs!$AX$56 -> 400 | E21: =Inputs!$AY$73 -> 17.8 | F21: =Assumption_ReferenceTemperature -> 20 | G21: =Assumption_ServiceTemperature -> 85 | H21: =Assumption_TemperatureCoefficient -> 0.00393 | I21: =B21*0.00000001*(C21*0.001)/((D21*0.000001)*(E21*0.000001))*1000 -> 123.73596 | J21: =I21*(1+H21*(G21-F21)) -> 155.3443 | K21: =Control_MaxTraceResistance -> 160 | L21: =K21-J21 -> 4.6556952 | M21: CM-02 selected_value (P5) | N21: Rservice = selected resistivity × geometry/thickness × [1 + alpha × (Tservice − Tref)]
A25: D. Chemistry — measured assay versus strictest applicable published limit
A26: chem_calc_id | B26: lot_id | C26: material_id | D26: impurity | E26: measured_ppm | F26: published_limit_ppm | G26: exception_document | H26: acceptance_limit_ppm | I26: margin_ppm | J26: result | K26: assay_input_anchor | L26: governing_sources
A27: CHEM-01 | B27: LOT-CU-2607-A | C27: =Inputs!$D$47 -> MAT-CU-C101 | D27: Oxygen | E27: =Inputs!$AQ$47 -> 3.2 | F27: =MIN(Inputs!$I$81) -> 8 | H27: =F27 -> 8 | I27: =H27-E27 -> 4.8 | J27: =IF(E27<=H27,"PASS","FAIL") -> PASS | K27: Inputs row 47 | L27: STD-CU-101; CQA-CU-772
A28: CHEM-02 | B28: LOT-CU-2607-A | C28: =Inputs!$D$47 -> MAT-CU-C101 | D28: Sulfur | E28: =Inputs!$AR$47 -> 2.1 | F28: =MIN(Inputs!$I$82,Inputs!$I$87) -> 4 | H28: =F28 -> 4 | I28: =H28-E28 -> 1.9 | J28: =IF(E28<=H28,"PASS","FAIL") -> PASS | K28: Inputs row 47 | L28: STD-CU-101; CQA-CU-772
A29: CHEM-03 | B29: LOT-CU-2607-A | C29: =Inputs!$D$47 -> MAT-CU-C101 | D29: Lead | E29: =Inputs!$AS$47 -> 1.2 | F29: =MIN(Inputs!$I$83) -> 5 | H29: =F29 -> 5 | I29: =H29-E29 -> 3.8 | J29: =IF(E29<=H29,"PASS","FAIL") -> PASS | K29: Inputs row 47 | L29: STD-CU-101; CQA-CU-772
A30: CHEM-04 | B30: LOT-CU-2607-A | C30: =Inputs!$D$47 -> MAT-CU-C101 | D30: Bismuth | E30: =Inputs!$AT$47 -> 0.4 | F30: =MIN(Inputs!$I$84) -> 3 | H30: =F30 -> 3 | I30: =H30-E30 -> 2.6 | J30: =IF(E30<=H30,"PASS","FAIL") -> PASS | K30: Inputs row 47 | L30: STD-CU-101; CQA-CU-772
A31: CHEM-05 | B31: LOT-CU-2607-A | C31: =Inputs!$D$47 -> MAT-CU-C101 | D31: Iron | E31: =Inputs!$AU$47 -> 4 | F31: =MIN(Inputs!$I$85) -> 10 | H31: =F31 -> 10 | I31: =H31-E31 -> 6 | J31: =IF(E31<=H31,"PASS","FAIL") -> PASS | K31: Inputs row 47 | L31: STD-CU-101; CQA-CU-772
A32: CHEM-06 | B32: LOT-CU-2607-A | C32: =Inputs!$D$47 -> MAT-CU-C101 | D32: Nickel | E32: =Inputs!$AV$47 -> 2 | F32: =MIN(Inputs!$I$86) -> 10 | H32: =F32 -> 10 | I32: =H32-E32 -> 8 | J32: =IF(E32<=H32,"PASS","FAIL") -> PASS | K32: Inputs row 47 | L32: STD-CU-101; CQA-CU-772
A33: CHEM-07 | B33: LOT-CU-2607-B | C33: =Inputs!$D$48 -> MAT-CU-WIRE | D33: Oxygen | E33: =Inputs!$AQ$48 -> 6.2 | F33: =MIN(Inputs!$I$81,Inputs!$I$96) -> 5 | G33: MAT-WVR-26-071 | H33: =Waiver_LOT_B_OxygenLimit -> 7 | I33: =H33-E33 -> 0.8 | J33: =IF(E33<=H33,"PASS","FAIL") -> PASS | K33: Inputs row 48 | L33: STD-CU-101; STD-CU-309; CQA-CU-772
A34: CHEM-08 | B34: LOT-CU-2607-B | C34: =Inputs!$D$48 -> MAT-CU-WIRE | D34: Sulfur | E34: =Inputs!$AR$48 -> 2.8 | F34: =MIN(Inputs!$I$82,Inputs!$I$97,Inputs!$I$87) -> 4 | H34: =F34 -> 4 | I34: =H34-E34 -> 1.2 | J34: =IF(E34<=H34,"PASS","FAIL") -> PASS | K34: Inputs row 48 | L34: STD-CU-101; STD-CU-309; CQA-CU-772
A35: CHEM-09 | B35: LOT-CU-2607-B | C35: =Inputs!$D$48 -> MAT-CU-WIRE | D35: Lead | E35: =Inputs!$AS$48 -> 0.9 | F35: =MIN(Inputs!$I$83,Inputs!$I$98) -> 5 | H35: =F35 -> 5 | I35: =H35-E35 -> 4.1 | J35: =IF(E35<=H35,"PASS","FAIL") -> PASS | K35: Inputs row 48 | L35: STD-CU-101; STD-CU-309; CQA-CU-772
A36: CHEM-10 | B36: LOT-CU-2607-B | C36: =Inputs!$D$48 -> MAT-CU-WIRE | D36: Bismuth | E36: =Inputs!$AT$48 -> 0.5 | F36: =MIN(Inputs!$I$84,Inputs!$I$99) -> 3 | H36: =F36 -> 3 | I36: =H36-E36 -> 2.5 | J36: =IF(E36<=H36,"PASS","FAIL") -> PASS | K36: Inputs row 48 | L36: STD-CU-101; STD-CU-309; CQA-CU-772
A37: CHEM-11 | B37: LOT-CU-2607-B | C37: =Inputs!$D$48 -> MAT-CU-WIRE | D37: Iron | E37: =Inputs!$AU$48 -> 4.8 | F37: =MIN(Inputs!$I$85,Inputs!$I$100) -> 10 | H37: =F37 -> 10 | I37: =H37-E37 -> 5.2 | J37: =IF(E37<=H37,"PASS","FAIL") -> PASS | K37: Inputs row 48 | L37: STD-CU-101; STD-CU-309; CQA-CU-772
A38: CHEM-12 | B38: LOT-CU-2607-B | C38: =Inputs!$D$48 -> MAT-CU-WIRE | D38: Nickel | E38: =Inputs!$AV$48 -> 2.4 | F38: =MIN(Inputs!$I$86,Inputs!$I$101) -> 5 | H38: =F38 -> 5 | I38: =H38-E38 -> 2.6 | J38: =IF(E38<=H38,"PASS","FAIL") -> PASS | K38: Inputs row 48 | L38: STD-CU-101; STD-CU-309; CQA-CU-772
A39: CHEM-13 | B39: LOT-CU-2607-C | C39: =Inputs!$D$49 -> MAT-CU-HBPLATE | D39: Oxygen | E39: =Inputs!$AQ$49 -> 4.8 | F39: =MIN(Inputs!$I$81,Inputs!$I$90) -> 6 | H39: =F39 -> 6 | I39: =H39-E39 -> 1.2 | J39: =IF(E39<=H39,"PASS","FAIL") -> PASS | K39: Inputs row 49 | L39: STD-CU-101; STD-CU-214; CQA-CU-772
A40: CHEM-14 | B40: LOT-CU-2607-C | C40: =Inputs!$D$49 -> MAT-CU-HBPLATE | D40: Sulfur | E40: =Inputs!$AR$49 -> 3.6 | F40: =MIN(Inputs!$I$82,Inputs!$I$91,Inputs!$I$87) -> 4 | H40: =F40 -> 4 | I40: =H40-E40 -> 0.4 | J40: =IF(E40<=H40,"PASS","FAIL") -> PASS | K40: Inputs row 49 | L40: STD-CU-101; STD-CU-214; CQA-CU-772
A41: CHEM-15 | B41: LOT-CU-2607-C | C41: =Inputs!$D$49 -> MAT-CU-HBPLATE | D41: Lead | E41: =Inputs!$AS$49 -> 3.2 | F41: =MIN(Inputs!$I$83,Inputs!$I$92) -> 5 | H41: =F41 -> 5 | I41: =H41-E41 -> 1.8 | J41: =IF(E41<=H41,"PASS","FAIL") -> PASS | K41: Inputs row 49 | L41: STD-CU-101; STD-CU-214; CQA-CU-772
A42: CHEM-16 | B42: LOT-CU-2607-C | C42: =Inputs!$D$49 -> MAT-CU-HBPLATE | D42: Bismuth | E42: =Inputs!$AT$49 -> 1.1 | F42: =MIN(Inputs!$I$84,Inputs!$I$93) -> 2.5 | H42: =F42 -> 2.5 | I42: =H42-E42 -> 1.4 | J42: =IF(E42<=H42,"PASS","FAIL") -> PASS | K42: Inputs row 49 | L42: STD-CU-101; STD-CU-214; CQA-CU-772
A43: CHEM-17 | B43: LOT-CU-2607-C | C43: =Inputs!$D$49 -> MAT-CU-HBPLATE | D43: Iron | E43: =Inputs!$AU$49 -> 5 | F43: =MIN(Inputs!$I$85,Inputs!$I$94) -> 8 | H43: =F43 -> 8 | I43: =H43-E43 -> 3 | J43: =IF(E43<=H43,"PASS","FAIL") -> PASS | K43: Inputs row 49 | L43: STD-CU-101; STD-CU-214; CQA-CU-772
A44: CHEM-18 | B44: LOT-CU-2607-C | C44: =Inputs!$D$49 -> MAT-CU-HBPLATE | D44: Nickel | E44: =Inputs!$AV$49 -> 3.9 | F44: =MIN(Inputs!$I$86,Inputs!$I$95) -> 8 | H44: =F44 -> 8 | I44: =H44-E44 -> 4.1 | J44: =IF(E44<=H44,"PASS","FAIL") -> PASS | K44: Inputs row 49 | L44: STD-CU-101; STD-CU-214; CQA-CU-772
A45: CHEM-19 | B45: LOT-CU-2607-D | C45: =Inputs!$D$50 -> MAT-CU-HBPLATE | D45: Oxygen | E45: =Inputs!$AQ$50 -> 4.6 | F45: =MIN(Inputs!$I$81,Inputs!$I$90) -> 6 | H45: =F45 -> 6 | I45: =H45-E45 -> 1.4 | J45: =IF(E45<=H45,"PASS","FAIL") -> PASS | K45: Inputs row 50 | L45: STD-CU-101; STD-CU-214; CQA-CU-772
A46: CHEM-20 | B46: LOT-CU-2607-D | C46: =Inputs!$D$50 -> MAT-CU-HBPLATE | D46: Sulfur | E46: =Inputs!$AR$50 -> 5 | F46: =MIN(Inputs!$I$82,Inputs!$I$91,Inputs!$I$87) -> 4 | H46: =F46 -> 4 | I46: =H46-E46 -> -1 | J46: =IF(E46<=H46,"PASS","FAIL") -> FAIL | K46: Inputs row 50 | L46: STD-CU-101; STD-CU-214; CQA-CU-772
A47: CHEM-21 | B47: LOT-CU-2607-D | C47: =Inputs!$D$50 -> MAT-CU-HBPLATE | D47: Lead | E47: =Inputs!$AS$50 -> 4.6 | F47: =MIN(Inputs!$I$83,Inputs!$I$92) -> 5 | H47: =F47 -> 5 | I47: =H47-E47 -> 0.4 | J47: =IF(E47<=H47,"PASS","FAIL") -> PASS | K47: Inputs row 50 | L47: STD-CU-101; STD-CU-214; CQA-CU-772
A48: CHEM-22 | B48: LOT-CU-2607-D | C48: =Inputs!$D$50 -> MAT-CU-HBPLATE | D48: Bismuth | E48: =Inputs!$AT$50 -> 1.2 | F48: =MIN(Inputs!$I$84,Inputs!$I$93) -> 2.5 | H48: =F48 -> 2.5 | I48: =H48-E48 -> 1.3 | J48: =IF(E48<=H48,"PASS","FAIL") -> PASS | K48: Inputs row 50 | L48: STD-CU-101; STD-CU-214; CQA-CU-772
A49: CHEM-23 | B49: LOT-CU-2607-D | C49: =Inputs!$D$50 -> MAT-CU-HBPLATE | D49: Iron | E49: =Inputs!$AU$50 -> 5.4 | F49: =MIN(Inputs!$I$85,Inputs!$I$94) -> 8 | H49: =F49 -> 8 | I49: =H49-E49 -> 2.6 | J49: =IF(E49<=H49,"PASS","FAIL") -> PASS | K49: Inputs row 50 | L49: STD-CU-101; STD-CU-214; CQA-CU-772
A50: CHEM-24 | B50: LOT-CU-2607-D | C50: =Inputs!$D$50 -> MAT-CU-HBPLATE | D50: Nickel | E50: =Inputs!$AV$50 -> 4.7 | F50: =MIN(Inputs!$I$86,Inputs!$I$95) -> 8 | H50: =F50 -> 8 | I50: =H50-E50 -> 3.3 | J50: =IF(E50<=H50,"PASS","FAIL") -> PASS | K50: Inputs row 50 | L50: STD-CU-101; STD-CU-214; CQA-CU-772
A51: CHEM-25 | B51: LOT-CU-2607-E | C51: =Inputs!$D$52 -> MAT-CU3SN-ETA | D51: Oxygen | E51: =Inputs!$AQ$52 -> 4.4 | F51: =MIN(Inputs!$I$81) -> 8 | H51: =F51 -> 8 | I51: =H51-E51 -> 3.6 | J51: =IF(E51<=H51,"PASS","FAIL") -> PASS | K51: Inputs row 52 | L51: STD-CU-101; CQA-CU-772
A52: CHEM-26 | B52: LOT-CU-2607-E | C52: =Inputs!$D$52 -> MAT-CU3SN-ETA | D52: Sulfur | E52: =Inputs!$AR$52 -> 3.9 | F52: =MIN(Inputs!$I$82,Inputs!$I$87) -> 4 | H52: =F52 -> 4 | I52: =H52-E52 -> 0.1 | J52: =IF(E52<=H52,"PASS","FAIL") -> PASS | K52: Inputs row 52 | L52: STD-CU-101; CQA-CU-772
A53: CHEM-27 | B53: LOT-CU-2607-E | C53: =Inputs!$D$52 -> MAT-CU3SN-ETA | D53: Lead | E53: =Inputs!$AS$52 -> 5.4 | F53: =MIN(Inputs!$I$83) -> 5 | H53: =F53 -> 5 | I53: =H53-E53 -> -0.4 | J53: =IF(E53<=H53,"PASS","FAIL") -> FAIL | K53: Inputs row 52 | L53: STD-CU-101; CQA-CU-772
A54: CHEM-28 | B54: LOT-CU-2607-E | C54: =Inputs!$D$52 -> MAT-CU3SN-ETA | D54: Bismuth | E54: =Inputs!$AT$52 -> 1 | F54: =MIN(Inputs!$I$84) -> 3 | H54: =F54 -> 3 | I54: =H54-E54 -> 2 | J54: =IF(E54<=H54,"PASS","FAIL") -> PASS | K54: Inputs row 52 | L54: STD-CU-101; CQA-CU-772
A55: CHEM-29 | B55: LOT-CU-2607-E | C55: =Inputs!$D$52 -> MAT-CU3SN-ETA | D55: Iron | E55: =Inputs!$AU$52 -> 6 | F55: =MIN(Inputs!$I$85) -> 10 | H55: =F55 -> 10 | I55: =H55-E55 -> 4 | J55: =IF(E55<=H55,"PASS","FAIL") -> PASS | K55: Inputs row 52 | L55: STD-CU-101; CQA-CU-772
A56: CHEM-30 | B56: LOT-CU-2607-E | C56: =Inputs!$D$52 -> MAT-CU3SN-ETA | D56: Nickel | E56: =Inputs!$AV$52 -> 4.1 | F56: =MIN(Inputs!$I$86) -> 10 | H56: =F56 -> 10 | I56: =H56-E56 -> 5.9 | J56: =IF(E56<=H56,"PASS","FAIL") -> PASS | K56: Inputs row 52 | L56: STD-CU-101; CQA-CU-772
A59: E. Controlled electrical and thickness observations (separate from protocol-matched property comparison)
A60: calc_id | B60: lot_id | C60: record_id | D60: parameter | E60: measured_value | F60: unit | G60: controlled_limit | H60: comparison | I60: result | J60: protocol_or_scope_note | K60: input_anchor | L60: source_anchor
A61: ACC-A-E1 | B61: LOT-CU-2607-A | C61: LR-COND-0726-01 | D61: minimum_conductivity | E61: =Inputs!$Q$33 -> 101.52 | F61: percent IACS | G61: 100.5 | H61: >= | I61: =IF(E61>=G61,"PASS","FAIL") -> PASS | J61: PROTO-CU-77 does not define percent-IACS conditions | K61: Inputs row 33 | L61: =Inputs!$I$33 -> LAB-COND · conductivity_panel_tests.csv
A62: ACC-C-E1 | B62: LOT-CU-2607-C | C62: LR-COND-0726-04 | D62: minimum_conductivity | E62: =Inputs!$Q$36 -> 100.9 | F62: percent IACS | G62: 100.5 | H62: >= | I62: =IF(E62>=G62,"PASS","FAIL") -> PASS | J62: calibration-adjusted accepted value | K62: Inputs row 36 | L62: =Inputs!$I$36 -> LAB-COND · conductivity_panel_tests.csv
A63: ACC-D-E1 | B63: LOT-CU-2607-D | C63: LR-COND-0726-05 | D63: minimum_conductivity | E63: =Inputs!$Q$38 -> 97.85 | F63: percent IACS | G63: 100.5 | H63: >= | I63: =IF(E63>=G63,"PASS","FAIL") -> FAIL | J63: PROTO-CU-77 does not define percent-IACS conditions | K63: Inputs row 38 | L63: =Inputs!$I$38 -> LAB-COND · conductivity_panel_tests.csv
A64: ACC-C-E3 | B64: LOT-CU-2607-C | C64: XR17-LOT-C-AVG | D64: finished_copper_thickness | E64: =Inputs!$AY$72 -> 18.4 | F64: um | G64: 17.5 | H64: >= | I64: =IF(E64>=G64,"PASS","FAIL") -> PASS | J64: PCN-HB-044 Rev. C applies | K64: Inputs row 72 | L64: =Inputs!$I$72 -> PCN-HB-044 / XR-17 log · 2026-07-08.log
A65: ACC-D-E3 | B65: LOT-CU-2607-D | C65: XR17-LOT-D-AVG | D65: finished_copper_thickness | E65: =Inputs!$AY$73 -> 17.8 | F65: um | G65: 17.5 | H65: >= | I65: =IF(E65>=G65,"PASS","FAIL") -> PASS | J65: PCN-HB-044 Rev. C applies | K65: Inputs row 73 | L65: =Inputs!$I$73 -> PCN-HB-044 / XR-17 log · 2026-07-08.log
A69: F. Formula-driven lot risk score
A70: lot_id | B70: material_id | C70: chemical_violation_flag | D70: electrical_violation_flag | E70: resistance_margin_under_10_flag | F70: documented_exception_flag | G70: literature_only_used_flag | H70: catalog_quality_flag | I70: chemical_points | J70: electrical_points | K70: margin_points | L70: exception_points | M70: literature_points | N70: catalog_points | O70: total_risk_score | P70: risk_status | Q70: visible_formula_logic
A71: LOT-CU-2607-A | B71: MAT-CU-C101 | C71: =--(COUNTIFS($B$27:$B$56,A71,$J$27:$J$56,"FAIL")>0) -> FALSE | D71: =--(COUNTIFS($B$61:$B$65,A71,$D$61:$D$65,"minimum_conductivity",$I$61:$I$65,"FAIL")>0) -> FALSE | E71: =IF(A71="LOT-CU-2607-D",--($L$21<10),0) -> 0 | F71: =--(COUNTIFS(Inputs!$F$2:$F$75,A71,Inputs!$AC$2:$AC$75,"Yes")>0) -> FALSE | G71: =--(COUNTIF($M$4:$M$10,"*literature*")>0) -> FALSE | H71: =--(COUNTIFS(Inputs!$F$2:$F$75,A71,Inputs!$AA$2:$AA$75,"*not resolved*")>0) -> FALSE | I71: =C71*RiskWeight_Chemical -> 0 | J71: =D71*RiskWeight_Electrical -> 0 | K71: =E71*RiskWeight_ResistanceMargin -> 0 | L71: =F71*RiskWeight_DocumentedException -> 0 | M71: =G71*RiskWeight_LiteratureOnly -> 0 | N71: =H71*RiskWeight_CatalogQuality -> 0 | O71: =SUM(I71:N71) -> 0 | P71: =IF(O71>=RiskThreshold_Hold,"HOLD",IF(O71>=RiskThreshold_Conditional,"CONDITIONAL","RELEASE")) -> RELEASE | Q71: Σ(flag × configured weight); chemistry and property flags come from formula results above
A72: LOT-CU-2607-B | B72: MAT-CU-WIRE | C72: =--(COUNTIFS($B$27:$B$56,A72,$J$27:$J$56,"FAIL")>0) -> FALSE | D72: =--(COUNTIFS($B$61:$B$65,A72,$D$61:$D$65,"minimum_conductivity",$I$61:$I$65,"FAIL")>0) -> FALSE | E72: =IF(A72="LOT-CU-2607-D",--($L$21<10),0) -> 0 | F72: =--(COUNTIFS(Inputs!$F$2:$F$75,A72,Inputs!$AC$2:$AC$75,"Yes")>0) -> TRUE | G72: =--(COUNTIF($M$4:$M$10,"*literature*")>0) -> FALSE | H72: =--(COUNTIFS(Inputs!$F$2:$F$75,A72,Inputs!$AA$2:$AA$75,"*not resolved*")>0) -> TRUE | I72: =C72*RiskWeight_Chemical -> 0 | J72: =D72*RiskWeight_Electrical -> 0 | K72: =E72*RiskWeight_ResistanceMargin -> 0 | L72: =F72*RiskWeight_DocumentedException -> 8 | M72: =G72*RiskWeight_LiteratureOnly -> 0 | N72: =H72*RiskWeight_CatalogQuality -> 4 | O72: =SUM(I72:N72) -> 12 | P72: =IF(O72>=RiskThreshold_Hold,"HOLD",IF(O72>=RiskThreshold_Conditional,"CONDITIONAL","RELEASE")) -> CONDITIONAL | Q72: Σ(flag × configured weight); chemistry and property flags come from formula results above
A73: LOT-CU-2607-C | B73: MAT-CU-HBPLATE | C73: =--(COUNTIFS($B$27:$B$56,A73,$J$27:$J$56,"FAIL")>0) -> FALSE | D73: =--(COUNTIFS($B$61:$B$65,A73,$D$61:$D$65,"minimum_conductivity",$I$61:$I$65,"FAIL")>0) -> FALSE | E73: =IF(A73="LOT-CU-2607-D",--($L$21<10),0) -> 0 | F73: =--(COUNTIFS(Inputs!$F$2:$F$75,A73,Inputs!$AC$2:$AC$75,"Yes")>0) -> TRUE | G73: =--(COUNTIF($M$4:$M$10,"*literature*")>0) -> FALSE | H73: =--(COUNTIFS(Inputs!$F$2:$F$75,A73,Inputs!$AA$2:$AA$75,"*not resolved*")>0) -> FALSE | I73: =C73*RiskWeight_Chemical -> 0 | J73: =D73*RiskWeight_Electrical -> 0 | K73: =E73*RiskWeight_ResistanceMargin -> 0 | L73: =F73*RiskWeight_DocumentedException -> 8 | M73: =G73*RiskWeight_LiteratureOnly -> 0 | N73: =H73*RiskWeight_CatalogQuality -> 0 | O73: =SUM(I73:N73) -> 8 | P73: =IF(O73>=RiskThreshold_Hold,"HOLD",IF(O73>=RiskThreshold_Conditional,"CONDITIONAL","RELEASE")) -> CONDITIONAL | Q73: Σ(flag × configured weight); chemistry and property flags come from formula results above
A74: LOT-CU-2607-D | B74: MAT-CU-HBPLATE | C74: =--(COUNTIFS($B$27:$B$56,A74,$J$27:$J$56,"FAIL")>0) -> TRUE | D74: =--(COUNTIFS($B$61:$B$65,A74,$D$61:$D$65,"minimum_conductivity",$I$61:$I$65,"FAIL")>0) -> TRUE | E74: =IF(A74="LOT-CU-2607-D",--($L$21<10),0) -> TRUE | F74: =--(COUNTIFS(Inputs!$F$2:$F$75,A74,Inputs!$AC$2:$AC$75,"Yes")>0) -> TRUE | G74: =--(COUNTIF($M$4:$M$10,"*literature*")>0) -> FALSE | H74: =--(COUNTIFS(Inputs!$F$2:$F$75,A74,Inputs!$AA$2:$AA$75,"*not resolved*")>0) -> FALSE | I74: =C74*RiskWeight_Chemical -> 40 | J74: =D74*RiskWeight_Electrical -> 25 | K74: =E74*RiskWeight_ResistanceMargin -> 15 | L74: =F74*RiskWeight_DocumentedException -> 8 | M74: =G74*RiskWeight_LiteratureOnly -> 0 | N74: =H74*RiskWeight_CatalogQuality -> 0 | O74: =SUM(I74:N74) -> 88 | P74: =IF(O74>=RiskThreshold_Hold,"HOLD",IF(O74>=RiskThreshold_Conditional,"CONDITIONAL","RELEASE")) -> HOLD | Q74: Σ(flag × configured weight); chemistry and property flags come from formula results above
A75: LOT-CU-2607-E | B75: MAT-CU3SN-ETA | C75: =--(COUNTIFS($B$27:$B$56,A75,$J$27:$J$56,"FAIL")>0) -> TRUE | D75: =--(COUNTIFS($B$61:$B$65,A75,$D$61:$D$65,"minimum_conductivity",$I$61:$I$65,"FAIL")>0) -> FALSE | E75: =IF(A75="LOT-CU-2607-D",--($L$21<10),0) -> 0 | F75: =--(COUNTIFS(Inputs!$F$2:$F$75,A75,Inputs!$AC$2:$AC$75,"Yes")>0) -> FALSE | G75: =--(COUNTIF($M$4:$M$10,"*literature*")>0) -> FALSE | H75: =--(COUNTIFS(Inputs!$F$2:$F$75,A75,Inputs!$AA$2:$AA$75,"*not resolved*")>0) -> TRUE | I75: =C75*RiskWeight_Chemical -> 40 | J75: =D75*RiskWeight_Electrical -> 0 | K75: =E75*RiskWeight_ResistanceMargin -> 0 | L75: =F75*RiskWeight_DocumentedException -> 0 | M75: =G75*RiskWeight_LiteratureOnly -> 0 | N75: =H75*RiskWeight_CatalogQuality -> 4 | O75: =SUM(I75:N75) -> 44 | P75: =IF(O75>=RiskThreshold_Hold,"HOLD",IF(O75>=RiskThreshold_Conditional,"CONDITIONAL","RELEASE")) -> CONDITIONAL | Q75: Σ(flag × configured weight); chemistry and property flags come from formula results above

Sheet Scenarios
A1: Scenario sensitivity — exceptions and service temperature
A3: scenario_id | B3: scenario_name | C3: service_temp_C | D3: PCN_thickness_applies | E3: waiver_B_oxygen_applies | F3: D_Rservice_mOhm | G3: D_resistance_limit_mOhm | H3: D_resistance_result | I3: D_thickness_limit_um | J3: D_thickness_result | K3: B_oxygen_limit_ppm | L3: B_oxygen_result | M3: scenario_note | N3: D_chemical_violation_flag | O3: D_electrical_violation_flag | P3: D_margin_under10_flag | Q3: D_exception_flag | R3: D_risk_score | S3: D_risk_status | T3: B_chemical_violation_flag | U3: B_exception_flag | V3: B_catalog_flag | W3: B_risk_score | X3: B_risk_status | Y3: D_score_delta_vs_current | Z3: B_score_delta_vs_current | AA3: visible_formula_logic | AB3: scenario_check
A4: SCN-01 | B4: Current controlled basis | C4: 85 | D4: Yes | E4: Yes | F4: =Calculations!$I$21*(1+Assumption_TemperatureCoefficient*(C4-Assumption_ReferenceTemperature)) -> 155.3443 | G4: =Control_MaxTraceResistance -> 160 | H4: =IF(F4<=G4,"PASS","FAIL") -> PASS | I4: =IF(D4="Yes",Control_PCNThicknessFloor,Control_BaseThicknessFloor) -> 17.5 | J4: =IF(Inputs!$AY$73>=I4,"PASS","FAIL") -> PASS | K4: =IF(E4="Yes",Waiver_LOT_B_OxygenLimit,Inputs!$I$96) -> 7 | L4: =IF(Inputs!$AQ$48<=K4,"PASS","FAIL") -> PASS | M4: Effective PCN and approved waiver | N4: 1 | O4: 1 | P4: =--(G4-F4<10) -> TRUE | Q4: =--(D4="Yes") -> TRUE | R4: =N4*RiskWeight_Chemical+O4*RiskWeight_Electrical+P4*RiskWeight_ResistanceMargin+Q4*RiskWeight_DocumentedException -> 88 | S4: =IF(R4>=RiskThreshold_Hold,"HOLD",IF(R4>=RiskThreshold_Conditional,"CONDITIONAL","RELEASE")) -> HOLD | T4: =--(L4="FAIL") -> FALSE | U4: =--(E4="Yes") -> TRUE | V4: 1 | W4: =T4*RiskWeight_Chemical+U4*RiskWeight_DocumentedException+V4*RiskWeight_CatalogQuality -> 12 | X4: =IF(W4>=RiskThreshold_Hold,"HOLD",IF(W4>=RiskThreshold_Conditional,"CONDITIONAL","RELEASE")) -> CONDITIONAL | Y4: =R4-$R$4 -> 0 | Z4: =W4-$W$4 -> 0 | AA4: Scenario results use the same assay, geometry, selected resistivity, configured weights, and thresholds as the current calculation. | AB4: =IF(AND(ISNUMBER(F4),ISNUMBER(G4),OR(H4="PASS",H4="FAIL"),ISNUMBER(I4),OR(J4="PASS",J4="FAIL"),ISNUMBER(K4),OR(L4="PASS",L4="FAIL"),ISNUMBER(R4),OR(S4="HOLD",S4="CONDITIONAL",S4="RELEASE"),ISNUMBER(W4),OR(X4="HOLD",X4="CONDITIONAL",X4="RELEASE")),"PASS","FAIL") -> PASS
A5: SCN-02 | B5: No oxygen waiver | C5: 85 | D5: Yes | E5: No | F5: =Calculations!$I$21*(1+Assumption_TemperatureCoefficient*(C5-Assumption_ReferenceTemperature)) -> 155.3443 | G5: =Control_MaxTraceResistance -> 160 | H5: =IF(F5<=G5,"PASS","FAIL") -> PASS | I5: =IF(D5="Yes",Control_PCNThicknessFloor,Control_BaseThicknessFloor) -> 17.5 | J5: =IF(Inputs!$AY$73>=I5,"PASS","FAIL") -> PASS | K5: =IF(E5="Yes",Waiver_LOT_B_OxygenLimit,Inputs!$I$96) -> 5 | L5: =IF(Inputs!$AQ$48<=K5,"PASS","FAIL") -> FAIL | M5: Shows waiver dependency for LOT-B | N5: 1 | O5: 1 | P5: =--(G5-F5<10) -> TRUE | Q5: =--(D5="Yes") -> TRUE | R5: =N5*RiskWeight_Chemical+O5*RiskWeight_Electrical+P5*RiskWeight_ResistanceMargin+Q5*RiskWeight_DocumentedException -> 88 | S5: =IF(R5>=RiskThreshold_Hold,"HOLD",IF(R5>=RiskThreshold_Conditional,"CONDITIONAL","RELEASE")) -> HOLD | T5: =--(L5="FAIL") -> TRUE | U5: =--(E5="Yes") -> FALSE | V5: 1 | W5: =T5*RiskWeight_Chemical+U5*RiskWeight_DocumentedException+V5*RiskWeight_CatalogQuality -> 44 | X5: =IF(W5>=RiskThreshold_Hold,"HOLD",IF(W5>=RiskThreshold_Conditional,"CONDITIONAL","RELEASE")) -> CONDITIONAL | Y5: =R5-$R$4 -> 0 | Z5: =W5-$W$4 -> 32 | AA5: Scenario results use the same assay, geometry, selected resistivity, configured weights, and thresholds as the current calculation. | AB5: =IF(AND(ISNUMBER(F5),ISNUMBER(G5),OR(H5="PASS",H5="FAIL"),ISNUMBER(I5),OR(J5="PASS",J5="FAIL"),ISNUMBER(K5),OR(L5="PASS",L5="FAIL"),ISNUMBER(R5),OR(S5="HOLD",S5="CONDITIONAL",S5="RELEASE"),ISNUMBER(W5),OR(X5="HOLD",X5="CONDITIONAL",X5="RELEASE")),"PASS","FAIL") -> PASS
A6: SCN-03 | B6: No process change notice | C6: 85 | D6: No | E6: Yes | F6: =Calculations!$I$21*(1+Assumption_TemperatureCoefficient*(C6-Assumption_ReferenceTemperature)) -> 155.3443 | G6: =Control_MaxTraceResistance -> 160 | H6: =IF(F6<=G6,"PASS","FAIL") -> PASS | I6: =IF(D6="Yes",Control_PCNThicknessFloor,Control_BaseThicknessFloor) -> 18 | J6: =IF(Inputs!$AY$73>=I6,"PASS","FAIL") -> FAIL | K6: =IF(E6="Yes",Waiver_LOT_B_OxygenLimit,Inputs!$I$96) -> 7 | L6: =IF(Inputs!$AQ$48<=K6,"PASS","FAIL") -> PASS | M6: Uses CCP E-3 18.0 um floor | N6: 1 | O6: 1 | P6: =--(G6-F6<10) -> TRUE | Q6: =--(D6="Yes") -> FALSE | R6: =N6*RiskWeight_Chemical+O6*RiskWeight_Electrical+P6*RiskWeight_ResistanceMargin+Q6*RiskWeight_DocumentedException -> 80 | S6: =IF(R6>=RiskThreshold_Hold,"HOLD",IF(R6>=RiskThreshold_Conditional,"CONDITIONAL","RELEASE")) -> HOLD | T6: =--(L6="FAIL") -> FALSE | U6: =--(E6="Yes") -> TRUE | V6: 1 | W6: =T6*RiskWeight_Chemical+U6*RiskWeight_DocumentedException+V6*RiskWeight_CatalogQuality -> 12 | X6: =IF(W6>=RiskThreshold_Hold,"HOLD",IF(W6>=RiskThreshold_Conditional,"CONDITIONAL","RELEASE")) -> CONDITIONAL | Y6: =R6-$R$4 -> -8 | Z6: =W6-$W$4 -> 0 | AA6: Scenario results use the same assay, geometry, selected resistivity, configured weights, and thresholds as the current calculation. | AB6: =IF(AND(ISNUMBER(F6),ISNUMBER(G6),OR(H6="PASS",H6="FAIL"),ISNUMBER(I6),OR(J6="PASS",J6="FAIL"),ISNUMBER(K6),OR(L6="PASS",L6="FAIL"),ISNUMBER(R6),OR(S6="HOLD",S6="CONDITIONAL",S6="RELEASE"),ISNUMBER(W6),OR(X6="HOLD",X6="CONDITIONAL",X6="RELEASE")),"PASS","FAIL") -> PASS
A7: SCN-04 | B7: 95 C service stress | C7: 95 | D7: Yes | E7: Yes | F7: =Calculations!$I$21*(1+Assumption_TemperatureCoefficient*(C7-Assumption_ReferenceTemperature)) -> 160.20713 | G7: =Control_MaxTraceResistance -> 160 | H7: =IF(F7<=G7,"PASS","FAIL") -> FAIL | I7: =IF(D7="Yes",Control_PCNThicknessFloor,Control_BaseThicknessFloor) -> 17.5 | J7: =IF(Inputs!$AY$73>=I7,"PASS","FAIL") -> PASS | K7: =IF(E7="Yes",Waiver_LOT_B_OxygenLimit,Inputs!$I$96) -> 7 | L7: =IF(Inputs!$AQ$48<=K7,"PASS","FAIL") -> PASS | M7: Temperature sensitivity only | N7: 1 | O7: 1 | P7: =--(G7-F7<10) -> TRUE | Q7: =--(D7="Yes") -> TRUE | R7: =N7*RiskWeight_Chemical+O7*RiskWeight_Electrical+P7*RiskWeight_ResistanceMargin+Q7*RiskWeight_DocumentedException -> 88 | S7: =IF(R7>=RiskThreshold_Hold,"HOLD",IF(R7>=RiskThreshold_Conditional,"CONDITIONAL","RELEASE")) -> HOLD | T7: =--(L7="FAIL") -> FALSE | U7: =--(E7="Yes") -> TRUE | V7: 1 | W7: =T7*RiskWeight_Chemical+U7*RiskWeight_DocumentedException+V7*RiskWeight_CatalogQuality -> 12 | X7: =IF(W7>=RiskThreshold_Hold,"HOLD",IF(W7>=RiskThreshold_Conditional,"CONDITIONAL","RELEASE")) -> CONDITIONAL | Y7: =R7-$R$4 -> 0 | Z7: =W7-$W$4 -> 0 | AA7: Scenario results use the same assay, geometry, selected resistivity, configured weights, and thresholds as the current calculation. | AB7: =IF(AND(ISNUMBER(F7),ISNUMBER(G7),OR(H7="PASS",H7="FAIL"),ISNUMBER(I7),OR(J7="PASS",J7="FAIL"),ISNUMBER(K7),OR(L7="PASS",L7="FAIL"),ISNUMBER(R7),OR(S7="HOLD",S7="CONDITIONAL",S7="RELEASE"),ISNUMBER(W7),OR(X7="HOLD",X7="CONDITIONAL",X7="RELEASE")),"PASS","FAIL") -> PASS

Sheet Outputs
A1: Technical findings matrix
A3: finding_id | B3: lot_id | C3: material_id | D3: finding_class | E3: finding | F3: measured_or_calculated | G3: governing_value | H3: margin | I3: status | J3: condition_or_scope | K3: record_id | L3: input_anchor | M3: source_anchor
A4: TF-001 | B4: LOT-CU-2607-D | C4: MAT-CU-HBPLATE | D4: chemistry | E4: Sulfur exceeds strictest applicable customer limit | F4: =Calculations!E46 -> 5 | G4: =Calculations!H46 -> 4 | H4: =Calculations!I46 -> -1 | I4: =Calculations!J46 -> FAIL | J4: validated assay; chemistry separate | K4: ASSAY-0726-04 | L4: Inputs row 50 | M4: LAB-CHEM · chemistry_assay.csv
A5: TF-002 | B5: LOT-CU-2607-D | C5: MAT-CU-HBPLATE | D5: electrical acceptance | E5: Conductivity is below CCP-CU-180 E-1 | F5: =Calculations!E63 -> 97.85 | G5: =Calculations!G63 -> 100.5 | H5: =Calculations!E63-Calculations!G63 -> -2.65 | I5: =Calculations!I63 -> FAIL | J5: percent-IACS conditions not defined by PROTO-CU-77 | K5: LR-COND-0726-05 | L5: Inputs row 38 | M5: LAB-COND · conductivity_panel_tests.csv
A6: TF-003 | B6: LOT-CU-2607-D | C6: MAT-CU-HBPLATE | D6: trace resistance | E6: Calculated 85 C resistance remains below E-2 | F6: =Calculations!J21 -> 155.3443 | G6: =Calculations!K21 -> 160 | H6: =Calculations!L21 -> 4.6556952 | I6: =IF(Calculations!J21<=Calculations!K21,"PASS","FAIL") -> PASS | J6: 20 C resistivity adjusted to documented 85 C service temperature | K6: LR-COND-0726-06 | L6: Inputs row 39 | M6: LAB-COND · conductivity_panel_tests.csv
A7: TF-004 | B7: LOT-CU-2607-E | C7: MAT-CU3SN-ETA | D7: chemistry | E7: Lead exceeds strictest applicable base limit | F7: =Calculations!E53 -> 5.4 | G7: =Calculations!H53 -> 5 | H7: =Calculations!I53 -> -0.4 | I7: =Calculations!J53 -> FAIL | J7: chemistry by declared BGA coupon scope; identity unresolved | K7: ASSAY-0726-05 | L7: Inputs row 52 | M7: LAB-CHEM · chemistry_assay.csv
A8: TF-005 | B8: LOT-CU-2607-B | C8: MAT-CU-WIRE | D8: documented exception | E8: Oxygen passes only under MAT-WVR-26-071 | F8: =Calculations!E33 -> 6.2 | G8: =Calculations!H33 -> 7 | H8: =Calculations!I33 -> 0.8 | I8: =Calculations!J33 -> PASS | J8: annealed stitch-wire coupon only; identity unresolved | K8: ASSAY-0726-02 | L8: Inputs row 48 | M8: LAB-CHEM · chemistry_assay.csv
A9: TF-006 | B9: LOT-CU-2607-D | C9: MAT-CU-HBPLATE | D9: process change | E9: Average thickness passes PCN-HB-044 Rev. C floor | F9: =Calculations!E65 -> 17.8 | G9: =Calculations!G65 -> 17.5 | H9: =Calculations!E65-Calculations!G65 -> 0.3 | I9: =Calculations!I65 -> PASS | J9: PCN applies to July HB stack codes | K9: XR17-LOT-D-AVG | L9: Inputs row 73 | M9: PCN-HB-044 / XR-17 log · 2026-07-08.log
A13: Lot risk summary — formula results from Calculations
A14: lot_id | B14: material_id | C14: risk_score | D14: risk_status | E14: chemical_flag | F14: electrical_flag | G14: margin_flag | H14: exception_flag
A15: =Calculations!A71 -> LOT-CU-2607-A | B15: =Calculations!B71 -> MAT-CU-C101 | C15: =Calculations!O71 -> 0 | D15: =Calculations!P71 -> RELEASE | E15: =Calculations!C71 -> FALSE | F15: =Calculations!D71 -> FALSE | G15: =Calculations!E71 -> 0 | H15: =Calculations!F71 -> FALSE
A16: =Calculations!A72 -> LOT-CU-2607-B | B16: =Calculations!B72 -> MAT-CU-WIRE | C16: =Calculations!O72 -> 12 | D16: =Calculations!P72 -> CONDITIONAL | E16: =Calculations!C72 -> FALSE | F16: =Calculations!D72 -> FALSE | G16: =Calculations!E72 -> 0 | H16: =Calculations!F72 -> TRUE
A17: =Calculations!A73 -> LOT-CU-2607-C | B17: =Calculations!B73 -> MAT-CU-HBPLATE | C17: =Calculations!O73 -> 8 | D17: =Calculations!P73 -> CONDITIONAL | E17: =Calculations!C73 -> FALSE | F17: =Calculations!D73 -> FALSE | G17: =Calculations!E73 -> 0 | H17: =Calculations!F73 -> TRUE
A18: =Calculations!A74 -> LOT-CU-2607-D | B18: =Calculations!B74 -> MAT-CU-HBPLATE | C18: =Calculations!O74 -> 88 | D18: =Calculations!P74 -> HOLD | E18: =Calculations!C74 -> TRUE | F18: =Calculations!D74 -> TRUE | G18: =Calculations!E74 -> TRUE | H18: =Calculations!F74 -> TRUE
A19: =Calculations!A75 -> LOT-CU-2607-E | B19: =Calculations!B75 -> MAT-CU3SN-ETA | C19: =Calculations!O75 -> 44 | D19: =Calculations!P75 -> CONDITIONAL | E19: =Calculations!C75 -> TRUE | F19: =Calculations!D75 -> FALSE | G19: =Calculations!E75 -> 0 | H19: =Calculations!F75 -> FALSE

Sheet Checks
A1: Model integrity and traceability checks
A3: check_id | B3: check | C3: expected | D3: actual | E3: result | F3: notes
A4: CHK-01 | B4: Evidence population equals source register | C4: 74 | D4: =COUNTA(Inputs!$C$2:$C$75) -> 74 | E4: =IF(VALUE(C4)=D4,"PASS","FAIL") -> PASS | F4: Source-register record IDs carried without regeneration.
A5: CHK-02 | B5: No blank canonical material IDs | C5: 0 | D5: =COUNTBLANK(Inputs!$D$2:$D$75) -> 0 | E5: =IF(VALUE(C5)=D5,"PASS","FAIL") -> PASS | F5: Required row-level identity field.
A6: CHK-03 | B6: No blank source-register anchors | C6: 0 | D6: =COUNTBLANK(Inputs!$B$2:$B$75) -> 0 | E6: =IF(VALUE(C6)=D6,"PASS","FAIL") -> PASS | F6: Every evidence row links to its original register row.
A7: CHK-04 | B7: No blank source-file anchors | C7: 0 | D7: =COUNTBLANK(Inputs!$I$2:$I$75) -> 0 | E7: =IF(VALUE(C7)=D7,"PASS","FAIL") -> PASS | F7: Every evidence row retains underlying source link.
A8: CHK-05 | B8: No blank detail anchors | C8: 0 | D8: =COUNTBLANK(Inputs!$J$2:$J$75) -> 0 | E8: =IF(VALUE(C8)=D8,"PASS","FAIL") -> PASS | F8: Each row links to exact detail row in source_register.xlsx.
A9: CHK-06 | B9: Duplicate records explicitly excluded | C9: 2 | D9: =COUNTIF(Inputs!$L$2:$L$75,"excluded_duplicate") -> 2 | E9: =IF(VALUE(C9)=D9,"PASS","FAIL") -> PASS | F9: One conductivity duplicate and one chemistry duplicate.
A10: CHK-07 | B10: Unverified literature rows retained as support only | C10: 5 | D10: =COUNTIF(Inputs!$L$2:$L$75,"included_unverified_support_only") -> 5 | E10: =IF(VALUE(C10)=D10,"PASS","FAIL") -> PASS | F10: Five literature rows remain unverified support only, including the identity-only PubChem record; none replaces measured evidence.
A11: CHK-08 | B11: Condition-mismatched mechanical value excluded | C11: 1 | D11: =COUNTIF(Inputs!$L$2:$L$75,"excluded_from_condition_matched_comparison") -> 1 | E11: =IF(VALUE(C11)=D11,"PASS","FAIL") -> PASS | F11: 85 C / 1E-2 s-1 supplier screen.
A12: CHK-09 | B12: Unresolved property records excluded | C12: 2 | D12: =COUNTIF(Inputs!$L$2:$L$75,"excluded_from_property_comparison_pending_identity") -> 2 | E12: =IF(VALUE(C12)=D12,"PASS","FAIL") -> PASS | F12: E-Cu58 and eta-Cu3Sn property rows.
A13: CHK-10 | B13: Condition-matched calculation rows all pass | C13: 7 | D13: =COUNTIF(Calculations!$L$4:$L$10,TRUE()) -> 7 | E13: =IF(VALUE(C13)=D13,"PASS","FAIL") -> PASS | F13: Only selected measured values at protocol conditions.
A14: CHK-11 | B14: Documented exception rows in source population | C14: 5 | D14: =COUNTIF(Inputs!$AC$2:$AC$75,"Yes") -> 5 | E14: =IF(VALUE(C14)=D14,"PASS","FAIL") -> PASS | F14: One waiver assay and four PCN-linked metrology records.
A15: CHK-12 | B15: Finding anchors populated | C15: 6 | D15: =COUNTIF(Outputs!$L$4:$L$9,"Inputs row *") -> 6 | E15: =IF(VALUE(C15)=D15,"PASS","FAIL") -> PASS | F15: Every output finding links to Inputs and source evidence.
A16: CHK-13 | B16: All selected properties are formula-selected condition matches | C16: 7 | D16: =COUNTIF(Calculations!$Q$4:$Q$10,"SELECTED") -> 7 | E16: =IF(VALUE(C16)=D16,"PASS","FAIL") -> PASS | F16: Resistance consumes P5, not the raw source row.
A17: CHK-14 | B17: Risk score rows populated | C17: 5 | D17: =COUNT(Calculations!$O$71:$O$75) -> 5 | E17: =IF(VALUE(C17)=D17,"PASS","FAIL") -> PASS | F17: One formula-derived score per July lot.
A18: CHK-15 | B18: Scenario comparison rows populated | C18: 4 | D18: =COUNT(Scenarios!$R$4:$R$7) -> 4 | E18: =IF(VALUE(C18)=D18,"PASS","FAIL") -> PASS | F18: Same inputs with explicit exception/temperature switches.
A19: CHK-16 | B19: All scenario rows pass numeric/status integrity checks | C19: 4 | D19: =COUNTIF(Scenarios!$AB$4:$AB$7,"PASS") -> 4 | E19: =IF(C19=D19,"PASS","FAIL") -> PASS | F19: Each sensitivity row contains native numeric results and recognized status values.
A20: CHK-17 | B20: Scenario numeric result cells populated | C20: 20 | D20: =COUNT(Scenarios!$F$4:$F$7)+COUNT(Scenarios!$I$4:$I$7)+COUNT(Scenarios!$K$4:$K$7)+COUNT(Scenarios!$R$4:$R$7)+COUNT(Scenarios!$W$4:$W$7) -> 20 | E20: =IF(C20=D20,"PASS","FAIL") -> PASS | F20: Five numeric outputs per scenario.
A21: CHK-18 | B21: Current scenario scores equal model scores | C21: 1 | D21: =--AND(Scenarios!$R$4=Calculations!$O$74,Scenarios!$W$4=Calculations!$O$72) -> TRUE | E21: =IF(C21=D21,"PASS","FAIL") -> PASS | F21: Baseline sensitivity row is synchronized to the calculated lot scores.
A22: Visible formula audit
A23: calculation | B23: formula_cell | C23: current_result | D23: visible_formula
A24: Condition-matched HB resistivity selection | B24: Calculations!P5 | C24: =Calculations!P5 -> 1.762 | D24: Formula: =IF(AND(L5=TRUE(),M5="Selected measured value"),E5,NA())
A25: Trace resistance at service temperature | B25: Calculations!J21 | C25: =Calculations!J21 -> 155.3443 | D25: Formula: =I21*(1+H21*(G21-F21))
A26: LOT-D sulfur status | B26: Calculations!J46 | C26: =Calculations!J46 -> FAIL | D26: Formula: =IF(E46<=H46,"PASS","FAIL")
A27: LOT-D risk score | B27: Calculations!O74 | C27: =Calculations!O74 -> 88 | D27: Formula: =SUM(I74:N74)
A28: No-waiver LOT-B risk score | B28: Scenarios!W5 | C28: =Scenarios!W5 -> 44 | D28: Formula: =T5*RiskWeight_Chemical+U5*RiskWeight_DocumentedException+V5*RiskWeight_CatalogQuality
