Workbook
Name OwnerList: 'Read_Me'!$A$9:$A$13
Name ChannelList: 'Read_Me'!$B$9:$B$12
Name ScheduleStatusList: 'Read_Me'!$C$9:$C$14
Name DependencyStateList: 'Read_Me'!$D$9:$D$10
Name ScheduleExceptionRouteList: 'Read_Me'!$E$9:$E$14

Sheet Read_Me
A1: Field | B1: Value
A2: Execution window | B2: 2026-07-17 through 2026-07-24
A3: Checkpoint cadence | B3: Daily at 16:00 Eastern
A4: Lifecycle state | B4: Approved executable record
A5: Owner rule | B5: Only approved-execution accounts receive customer-facing commitments; controlled exceptions receive internal clearance tasks.
A8: OwnerList | B8: ChannelList | C8: ScheduleStatusList | D8: DependencyStateList | E8: ScheduleExceptionRouteList
A9: Devon Brooks | B9: Phone | C9: Planned | D9: Ready | E9: Supervisor checkpoint
A10: Jordan Patel | B10: Email | C10: Confirmed | D10: Blocked | E10: Reschedule before daily 16:00 checkpoint
A11: Luis Romero | B11: CRM task | C11: Completed | E11: Requested credit is above supervisor authority
A12: Maya Chen | B12: Internal | C12: Blocked | E12: Decision-maker outreach permission pending
A13: Priya Nair | C13: Rescheduled | E13: Ad-ops blocker not cleared
C14: Escalated | E14: Contract terms outside local authority

Sheet Action_Register
A1: Action ID | B1: Account ID | C1: Account Name | D1: Priority Tier | E1: Decision Status | F1: Owner Rep | G1: Backup Owner | H1: Contact ID | I1: Contact Name | J1: Channel | K1: Action Type | L1: Approved Offer | M1: Source Case ID | N1: Dependency | O1: Scheduled Start | P1: Duration Min | Q1: Buffer Min | R1: Status | S1: Confirmation State | T1: Contingency Route
A2: RA-001 | B2: A-1005 | C2: Axion Robotics | D2: Tier 1 | E2: Approved execution | F2: Devon Brooks | G2: Luis Romero | H2: CT-005A | I2: Mark Feld | J2: Phone | K2: Customer recovery call | L2: SW-PKG | M2: CASE-7207 | N2: Audience proof deck | O2: 46220.375 | P2: 45 | Q2: 30 | R2: Planned | S2: Not sent | T2: Supervisor checkpoint
A3: RA-001F | B3: A-1005 | C3: Axion Robotics | D3: Tier 1 | E3: Approved execution | F3: Devon Brooks | G3: Luis Romero | H3: CT-005A | I3: Mark Feld | J3: CRM task | K3: Post-contact confirmation and CRM update | L3: SW-PKG | M3: CASE-7207 | N3: Customer response from first touch | O3: 46221.458 | P3: 20 | Q3: 15 | R3: Planned | S3: Pending first touch | T3: Reschedule before daily 16:00 checkpoint
A4: RA-002 | B4: A-1001 | C4: Meridian Health Partners | D4: Tier 1 | E4: Approved execution | F4: Maya Chen | G4: Devon Brooks | H4: CT-001A | I4: Dr. Lena Morris | J4: Phone | K4: Customer recovery call | L4: MG-15 | M4: CASE-7201 | N4: Ad ops pacing confirmation | O4: 46220.427 | P4: 45 | Q4: 30 | R4: Planned | S4: Not sent | T4: Supervisor checkpoint
A5: RA-002F | B5: A-1001 | C5: Meridian Health Partners | D5: Tier 1 | E5: Approved execution | F5: Maya Chen | G5: Devon Brooks | H5: CT-001A | I5: Dr. Lena Morris | J5: CRM task | K5: Post-contact confirmation and CRM update | L5: MG-15 | M5: CASE-7201 | N5: Customer response from first touch | O5: 46221.51 | P5: 20 | Q5: 15 | R5: Planned | S5: Pending first touch | T5: Reschedule before daily 16:00 checkpoint
A6: RA-003 | B6: A-1012 | C6: Vesta Apparel Collective | D6: Tier 2 | E6: Approved execution | F6: Jordan Patel | G6: Maya Chen | H6: CT-012A | I6: Marta Ruiz | J6: Phone | K6: Customer recovery call | L6: MG-15 | M6: CASE-7215 | N6: Invoice correction owner | O6: 46220.479 | P6: 45 | Q6: 30 | R6: Planned | S6: Not sent | T6: Supervisor checkpoint
A7: RA-003F | B7: A-1012 | C7: Vesta Apparel Collective | D7: Tier 2 | E7: Approved execution | F7: Jordan Patel | G7: Maya Chen | H7: CT-012A | I7: Marta Ruiz | J7: CRM task | K7: Post-contact confirmation and CRM update | L7: MG-15 | M7: CASE-7215 | N7: Customer response from first touch | O7: 46221.562 | P7: 20 | Q7: 15 | R7: Planned | S7: Pending first touch | T7: Reschedule before daily 16:00 checkpoint
A8: RA-004 | B8: A-1007 | C8: Northline Insurance | D8: Tier 2 | E8: Approved execution | F8: Jordan Patel | G8: Devon Brooks | H8: CT-007A | I8: Samira Ahmad | J8: Email | K8: Customer recovery email | L8: MG-15 | M8: CASE-7210 | N8: Makegood placement | O8: 46220.542 | P8: 30 | Q8: 30 | R8: Planned | S8: Not sent | T8: Supervisor checkpoint
A9: RA-004F | B9: A-1007 | C9: Northline Insurance | D9: Tier 2 | E9: Approved execution | F9: Jordan Patel | G9: Devon Brooks | H9: CT-007A | I9: Samira Ahmad | J9: CRM task | K9: Post-contact confirmation and CRM update | L9: MG-15 | M9: CASE-7210 | N9: Customer response from first touch | O9: 46221.625 | P9: 20 | Q9: 15 | R9: Planned | S9: Pending first touch | T9: Reschedule before daily 16:00 checkpoint
A10: RA-005 | B10: A-1003 | C10: Cobalt Cloud Systems | D10: Tier 2 | E10: Approved execution | F10: Priya Nair | G10: Jordan Patel | H10: CT-003A | I10: Rafael Soto | J10: Phone | K10: Customer recovery call | L10: CR-10K | M10: CASE-7204 | N10: Credit memo draft | O10: 46223.396 | P10: 45 | Q10: 30 | R10: Planned | S10: Not sent | T10: Supervisor checkpoint
A11: RA-005F | B11: A-1003 | C11: Cobalt Cloud Systems | D11: Tier 2 | E11: Approved execution | F11: Priya Nair | G11: Jordan Patel | H11: CT-003A | I11: Rafael Soto | J11: CRM task | K11: Post-contact confirmation and CRM update | L11: CR-10K | M11: CASE-7204 | N11: Customer response from first touch | O11: 46224.479 | P11: 20 | Q11: 15 | R11: Planned | S11: Pending first touch | T11: Reschedule before daily 16:00 checkpoint
A12: RA-006 | B12: A-1009 | C12: Copper Trail Hospitality | D12: Tier 2 | E12: Approved execution | F12: Luis Romero | G12: Jordan Patel | H12: CT-009A | I12: Cora Lind | J12: Phone | K12: Customer recovery call | L12: SW-PKG | M12: CASE-7212 | N12: Creative approval proof | O12: 46223.458 | P12: 45 | Q12: 30 | R12: Planned | S12: Not sent | T12: Supervisor checkpoint
A13: RA-006F | B13: A-1009 | C13: Copper Trail Hospitality | D13: Tier 2 | E13: Approved execution | F13: Luis Romero | G13: Jordan Patel | H13: CT-009A | I13: Cora Lind | J13: CRM task | K13: Post-contact confirmation and CRM update | L13: SW-PKG | M13: CASE-7212 | N13: Customer response from first touch | O13: 46224.542 | P13: 20 | Q13: 15 | R13: Planned | S13: Pending first touch | T13: Reschedule before daily 16:00 checkpoint
... A25: RA-012F | B25: A-1010 | C25: Finch Legal Group | D25: Tier 3 | E25: Approved execution | F25: Devon Brooks | G25: Luis Romero | H25: CT-010A | I25: Evan Finch | J25: CRM task | K25: Post-contact confirmation and CRM update | L25: RH-60 | M25: CASE-7213 | N25: Customer response from first touch | O25: 46227.521 | P25: 20 | Q25: 15 | R25: Planned | S25: Pending first touch | T25: Reschedule before daily 16:00 checkpoint
A26: RA-013 | B26: A-1014 | C26: SummitBank SMB Services | D26: Controlled exception/hold | E26: Controlled exception | F26: Luis Romero | G26: Jordan Patel | I26: Internal owner | J26: Internal | K26: Manager exception review | L26: MGR-REQ | M26: CASE-7218 | N26: Over-limit credit approval | O26: 46220.625 | P26: 30 | Q26: 15 | R26: Blocked | S26: Internal hold | T26: Requested credit is above supervisor authority
A27: RA-014 | B27: A-1013 | C27: BrightPath Dental Alliance | D27: Controlled exception/hold | E27: Controlled exception | F27: Priya Nair | G27: Devon Brooks | I27: Internal owner | J27: Internal | K27: Contact-route clearance | L27: MG-15 | M27: CASE-7217 | N27: Decision-maker permission | O27: 46223.625 | P27: 30 | Q27: 15 | R27: Blocked | S27: Internal hold | T27: Decision-maker outreach permission pending
A28: RA-015 | B28: A-1015 | C28: Mesa Tool Supply | D28: Controlled exception/hold | E28: Controlled exception | F28: Devon Brooks | G28: Luis Romero | I28: Internal owner | J28: Internal | K28: Ad-ops blocker clearance | L28: SW-PKG | M28: CASE-7219 | N28: Feed proof | O28: 46224.625 | P28: 30 | Q28: 15 | R28: Blocked | S28: Internal hold | T28: Ad-ops blocker not cleared
A29: RA-016 | B29: A-1017 | C29: Atlas BioLabs | D29: Controlled exception/hold | E29: Controlled exception | F29: Jordan Patel | G29: Maya Chen | I29: Internal owner | J29: Internal | K29: Manager/legal exception review | L29: MGR-REQ | M29: CASE-7221 | N29: Legal owner response | O29: 46225.625 | P29: 45 | Q29: 15 | R29: Blocked | S29: Internal hold | T29: Contract terms outside local authority

Sheet Schedule
A1: Action ID | B1: Account ID | C1: Owner Rep | D1: Scheduled Start | E1: Duration Min | F1: Buffer Min | G1: Calculated End | H1: Day | I1: Status | J1: Dependency
A2: RA-001 | B2: A-1005 | C2: Devon Brooks | D2: 46220.375 | E2: 45 | F2: 30 | G2: =D2+E2/1440 | H2: =INT(D2) | I2: Planned | J2: Audience proof deck
A3: RA-001F | B3: A-1005 | C3: Devon Brooks | D3: 46221.458 | E3: 20 | F3: 15 | G3: =D3+E3/1440 | H3: =INT(D3) | I3: Planned | J3: Customer response from first touch
A4: RA-002 | B4: A-1001 | C4: Maya Chen | D4: 46220.427 | E4: 45 | F4: 30 | G4: =D4+E4/1440 | H4: =INT(D4) | I4: Planned | J4: Ad ops pacing confirmation
A5: RA-002F | B5: A-1001 | C5: Maya Chen | D5: 46221.51 | E5: 20 | F5: 15 | G5: =D5+E5/1440 | H5: =INT(D5) | I5: Planned | J5: Customer response from first touch
A6: RA-003 | B6: A-1012 | C6: Jordan Patel | D6: 46220.479 | E6: 45 | F6: 30 | G6: =D6+E6/1440 | H6: =INT(D6) | I6: Planned | J6: Invoice correction owner
A7: RA-003F | B7: A-1012 | C7: Jordan Patel | D7: 46221.562 | E7: 20 | F7: 15 | G7: =D7+E7/1440 | H7: =INT(D7) | I7: Planned | J7: Customer response from first touch
A8: RA-004 | B8: A-1007 | C8: Jordan Patel | D8: 46220.542 | E8: 30 | F8: 30 | G8: =D8+E8/1440 | H8: =INT(D8) | I8: Planned | J8: Makegood placement
A9: RA-004F | B9: A-1007 | C9: Jordan Patel | D9: 46221.625 | E9: 20 | F9: 15 | G9: =D9+E9/1440 | H9: =INT(D9) | I9: Planned | J9: Customer response from first touch
A10: RA-005 | B10: A-1003 | C10: Priya Nair | D10: 46223.396 | E10: 45 | F10: 30 | G10: =D10+E10/1440 | H10: =INT(D10) | I10: Planned | J10: Credit memo draft
A11: RA-005F | B11: A-1003 | C11: Priya Nair | D11: 46224.479 | E11: 20 | F11: 15 | G11: =D11+E11/1440 | H11: =INT(D11) | I11: Planned | J11: Customer response from first touch
A12: RA-006 | B12: A-1009 | C12: Luis Romero | D12: 46223.458 | E12: 45 | F12: 30 | G12: =D12+E12/1440 | H12: =INT(D12) | I12: Planned | J12: Creative approval proof
A13: RA-006F | B13: A-1009 | C13: Luis Romero | D13: 46224.542 | E13: 20 | F13: 15 | G13: =D13+E13/1440 | H13: =INT(D13) | I13: Planned | J13: Customer response from first touch
... A29: RA-016 | B29: A-1017 | C29: Jordan Patel | D29: 46225.625 | E29: 45 | F29: 15 | G29: =D29+E29/1440 | H29: =INT(D29) | I29: Blocked | J29: Legal owner response

Sheet Dependencies
A1: Action ID | B1: Account ID | C1: Dependency Type | D1: Dependency Detail | E1: Readiness State | F1: Owner | G1: Exception Route
A2: RA-001 | B2: A-1005 | C2: Case | D2: Audience proof deck | E2: Ready | F2: Devon Brooks | G2: Supervisor checkpoint
A3: RA-001F | B3: A-1005 | C3: Offer | D3: Customer response from first touch | E3: Ready | F3: Devon Brooks | G3: Reschedule before daily 16:00 checkpoint
A4: RA-002 | B4: A-1001 | C4: Case | D4: Ad ops pacing confirmation | E4: Ready | F4: Maya Chen | G4: Supervisor checkpoint
A5: RA-002F | B5: A-1001 | C5: Offer | D5: Customer response from first touch | E5: Ready | F5: Maya Chen | G5: Reschedule before daily 16:00 checkpoint
A6: RA-003 | B6: A-1012 | C6: Offer | D6: Invoice correction owner | E6: Ready | F6: Jordan Patel | G6: Supervisor checkpoint
A7: RA-003F | B7: A-1012 | C7: Offer | D7: Customer response from first touch | E7: Ready | F7: Jordan Patel | G7: Reschedule before daily 16:00 checkpoint
A8: RA-004 | B8: A-1007 | C8: Offer | D8: Makegood placement | E8: Ready | F8: Jordan Patel | G8: Supervisor checkpoint
A9: RA-004F | B9: A-1007 | C9: Offer | D9: Customer response from first touch | E9: Ready | F9: Jordan Patel | G9: Reschedule before daily 16:00 checkpoint
A10: RA-005 | B10: A-1003 | C10: Offer | D10: Credit memo draft | E10: Ready | F10: Priya Nair | G10: Supervisor checkpoint
A11: RA-005F | B11: A-1003 | C11: Offer | D11: Customer response from first touch | E11: Ready | F11: Priya Nair | G11: Reschedule before daily 16:00 checkpoint
A12: RA-006 | B12: A-1009 | C12: Case | D12: Creative approval proof | E12: Ready | F12: Luis Romero | G12: Supervisor checkpoint
... A29: RA-016 | B29: A-1017 | C29: Contact | D29: Legal owner response | E29: Blocked | F29: Jordan Patel | G29: Contract terms outside local authority

Sheet Capacity
A1: Owner Rep | B1: Scheduled Tasks | C1: Scheduled Minutes | D1: Available Minutes | E1: Buffer Minutes | F1: Over Capacity
A2: Devon Brooks | B2: =COUNTIF(Action_Register!$F$2:$F$29,A2) | C2: =SUMIF(Action_Register!$F$2:$F$29,A2,Action_Register!$P$2:$P$29) | D2: 480 | E2: =D2-C2 | F2: =IF(E2<60,"Yes","No")
A3: Jordan Patel | B3: =COUNTIF(Action_Register!$F$2:$F$29,A3) | C3: =SUMIF(Action_Register!$F$2:$F$29,A3,Action_Register!$P$2:$P$29) | D3: 480 | E3: =D3-C3 | F3: =IF(E3<60,"Yes","No")
A4: Luis Romero | B4: =COUNTIF(Action_Register!$F$2:$F$29,A4) | C4: =SUMIF(Action_Register!$F$2:$F$29,A4,Action_Register!$P$2:$P$29) | D4: 480 | E4: =D4-C4 | F4: =IF(E4<60,"Yes","No")
A5: Maya Chen | B5: =COUNTIF(Action_Register!$F$2:$F$29,A5) | C5: =SUMIF(Action_Register!$F$2:$F$29,A5,Action_Register!$P$2:$P$29) | D5: 480 | E5: =D5-C5 | F5: =IF(E5<60,"Yes","No")
A6: Priya Nair | B6: =COUNTIF(Action_Register!$F$2:$F$29,A6) | C6: =SUMIF(Action_Register!$F$2:$F$29,A6,Action_Register!$P$2:$P$29) | D6: 480 | E6: =D6-C6 | F6: =IF(E6<60,"Yes","No")

Sheet Status_History
A1: Checkpoint Date | B1: Planned | C1: Confirmed | D1: Completed | E1: Blocked | F1: Rescheduled | G1: Escalated
A2: 46220 | B2: 24 | C2: 0 | D2: 0 | E2: 4 | F2: 0 | G2: 0
A3: 46223 | B3: 18 | C3: 5 | D3: 4 | E3: 4 | F3: 1 | G3: 1
A4: 46224 | B4: 14 | C4: 9 | D4: 8 | E4: 3 | F4: 1 | G4: 1
A5: 46225 | B5: 10 | C5: 12 | D5: 11 | E5: 2 | F5: 1 | G5: 1
A6: 46227 | B6: 4 | C6: 16 | D6: 16 | E6: 1 | F6: 0 | G6: 1

Sheet Checkpoint Summary
A1: Metric | B1: Value
A2: Approved execution actions | B2: =COUNTIF(Action_Register!$E$2:$E$29,"Approved execution")
A3: Controlled exception actions | B3: =COUNTIF(Action_Register!$E$2:$E$29,"Controlled exception")
A4: Blocked actions | B4: =COUNTIF(Action_Register!$R$2:$R$29,"Blocked")
A5: Total scheduled minutes | B5: =SUM(Action_Register!$P$2:$P$29)
A6: Earliest Tier 1 start | B6: =MIN(Action_Register!$O$2:$O$13)

Sheet Schedule_Chart_Data
A1: Date | B1: Tier 1 | C1: Tier 2 | D1: Tier 3 | E1: Controlled exception/hold
A2: 46220 | B2: 2 | C2: 2 | D2: 0 | E2: 1
A3: 46221 | B3: 2 | C3: 2 | D3: 0 | E3: 0
A4: 46223 | B4: 0 | C4: 2 | D4: 1 | E4: 1
A5: 46224 | B5: 0 | C5: 2 | D5: 3 | E5: 1
A6: 46225 | B6: 0 | C6: 0 | D6: 4 | E6: 1
A7: 46226 | B7: 0 | C7: 0 | D7: 3 | E7: 0
A8: 46227 | B8: 0 | C8: 0 | D8: 1 | E8: 0
A10: Owner | B10: Scheduled tasks | C10: Duration hours | D10: Available slots | G10: Dependency Type | H10: Ready | I10: Blocked
A11: Devon Brooks | B11: 5 | C11: 2.3 | D11: 8 | G11: Approval | H11: 0 | I11: 0
A12: Jordan Patel | B12: 7 | C12: 3.5 | D12: 8 | G12: Case | H12: 3 | I12: 1
A13: Luis Romero | B13: 5 | C13: 2.5 | D13: 8 | G13: Contact | H13: 0 | I13: 3
A14: Maya Chen | B14: 6 | C14: 2.7 | D14: 8 | G14: Offer | H14: 21 | I14: 0
A15: Priya Nair | B15: 5 | C15: 2.4 | D15: 8
A20: Status | B20: Actions | E20: Date | F20: Scheduled hours | G20: Available hours | H20: Buffer hours
A21: Planned | B21: 24 | E21: 46220 | F21: 3.25 | G21: 7.5 | H21: =G21-F21
A22: Confirmed | B22: 0 | E22: 46221 | F22: 1.33 | G22: 7.5 | H22: =G22-F22
A23: Completed | B23: 0 | E23: 46223 | F23: 2.5 | G23: 7.5 | H23: =G23-F23
A24: Blocked | B24: 4 | E24: 46224 | F24: 2.58 | G24: 7.5 | H24: =G24-F24
A25: Rescheduled | B25: 0 | E25: 46225 | F25: 2.33 | G25: 7.5 | H25: =G25-F25
A26: Escalated | B26: 0 | E26: 46226 | F26: 1.08 | G26: 7.5 | H26: =G26-F26
E27: 46227 | F27: 0.33 | G27: 7.5 | H27: =G27-F27
