Workbook

Sheet Coverage Dashboard
A1: Coverage Dashboard
A2: Staged account coverage while HB-RAMP-2026-07 remains pending
A5: Segment | B5: Eligible | C5: Limited | D5: Temporary | E5: Escalate
A6: Corporate | B6: =COUNTIFS('Coverage Decisions'!$C$2:$C$17,A6,'Coverage Decisions'!$M$2:$M$17,"Staged eligible handoff - pending approval") -> 2 | C6: =COUNTIFS('Coverage Decisions'!$C$2:$C$17,A6,'Coverage Decisions'!$M$2:$M$17,"Staged limited supervised - exception approved") -> 0 | D6: =COUNTIFS('Coverage Decisions'!$C$2:$C$17,A6,'Coverage Decisions'!$M$2:$M$17,"Remain temporary coverage") -> 3 | E6: =COUNTIFS('Coverage Decisions'!$C$2:$C$17,A6,'Coverage Decisions'!$M$2:$M$17,"Escalate to supervisor") -> 0
A7: Affinity | B7: =COUNTIFS('Coverage Decisions'!$C$2:$C$17,A7,'Coverage Decisions'!$M$2:$M$17,"Staged eligible handoff - pending approval") -> 1 | C7: =COUNTIFS('Coverage Decisions'!$C$2:$C$17,A7,'Coverage Decisions'!$M$2:$M$17,"Staged limited supervised - exception approved") -> 2 | D7: =COUNTIFS('Coverage Decisions'!$C$2:$C$17,A7,'Coverage Decisions'!$M$2:$M$17,"Remain temporary coverage") -> 1 | E7: =COUNTIFS('Coverage Decisions'!$C$2:$C$17,A7,'Coverage Decisions'!$M$2:$M$17,"Escalate to supervisor") -> 0
A8: Education | B8: =COUNTIFS('Coverage Decisions'!$C$2:$C$17,A8,'Coverage Decisions'!$M$2:$M$17,"Staged eligible handoff - pending approval") -> 2 | C8: =COUNTIFS('Coverage Decisions'!$C$2:$C$17,A8,'Coverage Decisions'!$M$2:$M$17,"Staged limited supervised - exception approved") -> 0 | D8: =COUNTIFS('Coverage Decisions'!$C$2:$C$17,A8,'Coverage Decisions'!$M$2:$M$17,"Remain temporary coverage") -> 2 | E8: =COUNTIFS('Coverage Decisions'!$C$2:$C$17,A8,'Coverage Decisions'!$M$2:$M$17,"Escalate to supervisor") -> 0
A9: Meetings | B9: =COUNTIFS('Coverage Decisions'!$C$2:$C$17,A9,'Coverage Decisions'!$M$2:$M$17,"Staged eligible handoff - pending approval") -> 0 | C9: =COUNTIFS('Coverage Decisions'!$C$2:$C$17,A9,'Coverage Decisions'!$M$2:$M$17,"Staged limited supervised - exception approved") -> 0 | D9: =COUNTIFS('Coverage Decisions'!$C$2:$C$17,A9,'Coverage Decisions'!$M$2:$M$17,"Remain temporary coverage") -> 0 | E9: =COUNTIFS('Coverage Decisions'!$C$2:$C$17,A9,'Coverage Decisions'!$M$2:$M$17,"Escalate to supervisor") -> 3
A13: Allocation_Label | B13: Quoted value | C13: Margin estimate
A14: Eligible | B14: =SUMIF('Coverage Decisions'!M2:M17,"Staged eligible handoff - pending approval",'Coverage Decisions'!H2:H17) -> 483000 | C14: =SUMIF('Coverage Decisions'!M2:M17,"Staged eligible handoff - pending approval",'Coverage Decisions'!I2:I17) -> 78260
A15: Limited | B15: =SUMIF('Coverage Decisions'!M2:M17,"Staged limited supervised - exception approved",'Coverage Decisions'!H2:H17) -> 113000 | C15: =SUMIF('Coverage Decisions'!M2:M17,"Staged limited supervised - exception approved",'Coverage Decisions'!I2:I17) -> 15330
A16: Temporary | B16: =SUMIF('Coverage Decisions'!M2:M17,"Remain temporary coverage",'Coverage Decisions'!H2:H17) -> 707000 | C16: =SUMIF('Coverage Decisions'!M2:M17,"Remain temporary coverage",'Coverage Decisions'!I2:I17) -> 117960
A17: Escalate | B17: =SUMIF('Coverage Decisions'!M2:M17,"Escalate to supervisor",'Coverage Decisions'!H2:H17) -> 639000 | C17: =SUMIF('Coverage Decisions'!M2:M17,"Escalate to supervisor",'Coverage Decisions'!I2:I17) -> 128410
A21: Service_Deadline | B21: Temporary or escalated
A22: 46220 | B22: =COUNTIFS('Coverage Decisions'!$G$2:$G$17,A22,'Coverage Decisions'!$M$2:$M$17,"Remain temporary coverage")+COUNTIFS('Coverage Decisions'!$G$2:$G$17,A22,'Coverage Decisions'!$M$2:$M$17,"Escalate to supervisor") -> 2
A23: 46221 | B23: =COUNTIFS('Coverage Decisions'!$G$2:$G$17,A23,'Coverage Decisions'!$M$2:$M$17,"Remain temporary coverage")+COUNTIFS('Coverage Decisions'!$G$2:$G$17,A23,'Coverage Decisions'!$M$2:$M$17,"Escalate to supervisor") -> 3
A24: 46222 | B24: =COUNTIFS('Coverage Decisions'!$G$2:$G$17,A24,'Coverage Decisions'!$M$2:$M$17,"Remain temporary coverage")+COUNTIFS('Coverage Decisions'!$G$2:$G$17,A24,'Coverage Decisions'!$M$2:$M$17,"Escalate to supervisor") -> 2
A25: 46223 | B25: =COUNTIFS('Coverage Decisions'!$G$2:$G$17,A25,'Coverage Decisions'!$M$2:$M$17,"Remain temporary coverage")+COUNTIFS('Coverage Decisions'!$G$2:$G$17,A25,'Coverage Decisions'!$M$2:$M$17,"Escalate to supervisor") -> 2

Sheet Read_Me
A1: Topic | B1: Detail
A2: Purpose | B2: Stage temporary account coverage against readiness and pending manager approval
A3: Boundary | B3: No independent customer coverage is approved by this model
A4: Source refresh | B4: Cohort, evidence, and account exports refreshed through 2026-07-15

Sheet Assumptions
A1: Assumption | B1: Value | C1: Note
A2: Today | B2: 46220 | C2: Used for deadline pressure
A3: High_Value_Threshold | B3: 150000 | C3: Quoted value pressure threshold
A4: Limited_Exception_Max_Risk | B4: Standard | C4: Low and Standard allowed only when exception exists
A5: Pending_Approval_State | B5: HB-RAMP-2026-07 pending | C5: Manager signature required before execution

Sheet Evidence Rows
A1: Rep_ID | B1: Competency_ID | C1: Evidence_Status
A2: REP-2701 | B2: GS-C01 | C2: Complete
A3: REP-2701 | B3: GS-C02 | C3: Complete
A4: REP-2701 | B4: GS-C03 | C4: Complete
A5: REP-2701 | B5: GS-C04 | C5: Complete
A6: REP-2701 | B6: GS-C05 | C6: Complete
A7: REP-2701 | B7: GS-C06 | C7: Complete
A8: REP-2701 | B8: GS-C07 | C8: Complete
A9: REP-2702 | B9: GS-C01 | C9: Complete
A10: REP-2702 | B10: GS-C02 | C10: Complete
A11: REP-2702 | B11: GS-C03 | C11: Complete
A12: REP-2702 | B12: GS-C04 | C12: Complete
... A71: REP-2710 | B71: GS-C07 | C71: Complete

Sheet Readiness Inputs
A1: Rep_ID | B1: Representative_Name | C1: Segment | D1: Complete_Count | E1: Approved_Exception_Count | F1: Failed_Count | G1: Open_or_Blocked_Count | H1: Readiness_Status
A2: REP-2701 | B2: Maya Chen | C2: Corporate | D2: =COUNTIFS('Evidence Rows'!$A$2:$A$71,A2,'Evidence Rows'!$C$2:$C$71,"Complete") -> 7 | E2: =COUNTIFS('Evidence Rows'!$A$2:$A$71,A2,'Evidence Rows'!$C$2:$C$71,"Approved Exception") -> 0 | F2: =COUNTIFS('Evidence Rows'!$A$2:$A$71,A2,'Evidence Rows'!$C$2:$C$71,"Failed") -> 0 | G2: =COUNTIFS('Evidence Rows'!$A$2:$A$71,A2,'Evidence Rows'!$C$2:$C$71,"Open")+COUNTIFS('Evidence Rows'!$A$2:$A$71,A2,'Evidence Rows'!$C$2:$C$71,"Blocked") -> 0 | H2: =IF(COUNTIFS('Evidence Rows'!$A$2:$A$71,A2,'Evidence Rows'!$C$2:$C$71,"Blocked")+COUNTIFS('Evidence Rows'!$A$2:$A$71,A2,'Evidence Rows'!$C$2:$C$71,"Failed",'Evidence Rows'!$B$2:$B$71,"GS-C04")>0,"Blocked - unresolved exception",IF(D2=7,"Ready - pending manager",IF(E2>0,"Limited exception - staged supervised",IF(F2>0,"Remediation required","Pending evidence")))) -> Ready - pending manager
A3: REP-2702 | B3: Jordan Patel | C3: Affinity | D3: =COUNTIFS('Evidence Rows'!$A$2:$A$71,A3,'Evidence Rows'!$C$2:$C$71,"Complete") -> 6 | E3: =COUNTIFS('Evidence Rows'!$A$2:$A$71,A3,'Evidence Rows'!$C$2:$C$71,"Approved Exception") -> 1 | F3: =COUNTIFS('Evidence Rows'!$A$2:$A$71,A3,'Evidence Rows'!$C$2:$C$71,"Failed") -> 0 | G3: =COUNTIFS('Evidence Rows'!$A$2:$A$71,A3,'Evidence Rows'!$C$2:$C$71,"Open")+COUNTIFS('Evidence Rows'!$A$2:$A$71,A3,'Evidence Rows'!$C$2:$C$71,"Blocked") -> 0 | H3: =IF(COUNTIFS('Evidence Rows'!$A$2:$A$71,A3,'Evidence Rows'!$C$2:$C$71,"Blocked")+COUNTIFS('Evidence Rows'!$A$2:$A$71,A3,'Evidence Rows'!$C$2:$C$71,"Failed",'Evidence Rows'!$B$2:$B$71,"GS-C04")>0,"Blocked - unresolved exception",IF(D3=7,"Ready - pending manager",IF(E3>0,"Limited exception - staged supervised",IF(F3>0,"Remediation required","Pending evidence")))) -> Limited exception - staged supervised
A4: REP-2703 | B4: Sofia Ramirez | C4: Education | D4: =COUNTIFS('Evidence Rows'!$A$2:$A$71,A4,'Evidence Rows'!$C$2:$C$71,"Complete") -> 5 | E4: =COUNTIFS('Evidence Rows'!$A$2:$A$71,A4,'Evidence Rows'!$C$2:$C$71,"Approved Exception") -> 0 | F4: =COUNTIFS('Evidence Rows'!$A$2:$A$71,A4,'Evidence Rows'!$C$2:$C$71,"Failed") -> 1 | G4: =COUNTIFS('Evidence Rows'!$A$2:$A$71,A4,'Evidence Rows'!$C$2:$C$71,"Open")+COUNTIFS('Evidence Rows'!$A$2:$A$71,A4,'Evidence Rows'!$C$2:$C$71,"Blocked") -> 1 | H4: =IF(COUNTIFS('Evidence Rows'!$A$2:$A$71,A4,'Evidence Rows'!$C$2:$C$71,"Blocked")+COUNTIFS('Evidence Rows'!$A$2:$A$71,A4,'Evidence Rows'!$C$2:$C$71,"Failed",'Evidence Rows'!$B$2:$B$71,"GS-C04")>0,"Blocked - unresolved exception",IF(D4=7,"Ready - pending manager",IF(E4>0,"Limited exception - staged supervised",IF(F4>0,"Remediation required","Pending evidence")))) -> Remediation required
A5: REP-2704 | B5: Ethan Brooks | C5: Meetings | D5: =COUNTIFS('Evidence Rows'!$A$2:$A$71,A5,'Evidence Rows'!$C$2:$C$71,"Complete") -> 4 | E5: =COUNTIFS('Evidence Rows'!$A$2:$A$71,A5,'Evidence Rows'!$C$2:$C$71,"Approved Exception") -> 0 | F5: =COUNTIFS('Evidence Rows'!$A$2:$A$71,A5,'Evidence Rows'!$C$2:$C$71,"Failed") -> 0 | G5: =COUNTIFS('Evidence Rows'!$A$2:$A$71,A5,'Evidence Rows'!$C$2:$C$71,"Open")+COUNTIFS('Evidence Rows'!$A$2:$A$71,A5,'Evidence Rows'!$C$2:$C$71,"Blocked") -> 3 | H5: =IF(COUNTIFS('Evidence Rows'!$A$2:$A$71,A5,'Evidence Rows'!$C$2:$C$71,"Blocked")+COUNTIFS('Evidence Rows'!$A$2:$A$71,A5,'Evidence Rows'!$C$2:$C$71,"Failed",'Evidence Rows'!$B$2:$B$71,"GS-C04")>0,"Blocked - unresolved exception",IF(D5=7,"Ready - pending manager",IF(E5>0,"Limited exception - staged supervised",IF(F5>0,"Remediation required","Pending evidence")))) -> Blocked - unresolved exception
A6: REP-2705 | B6: Priya Nair | C6: Corporate | D6: =COUNTIFS('Evidence Rows'!$A$2:$A$71,A6,'Evidence Rows'!$C$2:$C$71,"Complete") -> 6 | E6: =COUNTIFS('Evidence Rows'!$A$2:$A$71,A6,'Evidence Rows'!$C$2:$C$71,"Approved Exception") -> 0 | F6: =COUNTIFS('Evidence Rows'!$A$2:$A$71,A6,'Evidence Rows'!$C$2:$C$71,"Failed") -> 1 | G6: =COUNTIFS('Evidence Rows'!$A$2:$A$71,A6,'Evidence Rows'!$C$2:$C$71,"Open")+COUNTIFS('Evidence Rows'!$A$2:$A$71,A6,'Evidence Rows'!$C$2:$C$71,"Blocked") -> 0 | H6: =IF(COUNTIFS('Evidence Rows'!$A$2:$A$71,A6,'Evidence Rows'!$C$2:$C$71,"Blocked")+COUNTIFS('Evidence Rows'!$A$2:$A$71,A6,'Evidence Rows'!$C$2:$C$71,"Failed",'Evidence Rows'!$B$2:$B$71,"GS-C04")>0,"Blocked - unresolved exception",IF(D6=7,"Ready - pending manager",IF(E6>0,"Limited exception - staged supervised",IF(F6>0,"Remediation required","Pending evidence")))) -> Remediation required
A7: REP-2706 | B7: Liam O'Neill | C7: Affinity | D7: =COUNTIFS('Evidence Rows'!$A$2:$A$71,A7,'Evidence Rows'!$C$2:$C$71,"Complete") -> 6 | E7: =COUNTIFS('Evidence Rows'!$A$2:$A$71,A7,'Evidence Rows'!$C$2:$C$71,"Approved Exception") -> 0 | F7: =COUNTIFS('Evidence Rows'!$A$2:$A$71,A7,'Evidence Rows'!$C$2:$C$71,"Failed") -> 0 | G7: =COUNTIFS('Evidence Rows'!$A$2:$A$71,A7,'Evidence Rows'!$C$2:$C$71,"Open")+COUNTIFS('Evidence Rows'!$A$2:$A$71,A7,'Evidence Rows'!$C$2:$C$71,"Blocked") -> 1 | H7: =IF(COUNTIFS('Evidence Rows'!$A$2:$A$71,A7,'Evidence Rows'!$C$2:$C$71,"Blocked")+COUNTIFS('Evidence Rows'!$A$2:$A$71,A7,'Evidence Rows'!$C$2:$C$71,"Failed",'Evidence Rows'!$B$2:$B$71,"GS-C04")>0,"Blocked - unresolved exception",IF(D7=7,"Ready - pending manager",IF(E7>0,"Limited exception - staged supervised",IF(F7>0,"Remediation required","Pending evidence")))) -> Pending evidence
A8: REP-2707 | B8: Ava Thompson | C8: Education | D8: =COUNTIFS('Evidence Rows'!$A$2:$A$71,A8,'Evidence Rows'!$C$2:$C$71,"Complete") -> 7 | E8: =COUNTIFS('Evidence Rows'!$A$2:$A$71,A8,'Evidence Rows'!$C$2:$C$71,"Approved Exception") -> 0 | F8: =COUNTIFS('Evidence Rows'!$A$2:$A$71,A8,'Evidence Rows'!$C$2:$C$71,"Failed") -> 0 | G8: =COUNTIFS('Evidence Rows'!$A$2:$A$71,A8,'Evidence Rows'!$C$2:$C$71,"Open")+COUNTIFS('Evidence Rows'!$A$2:$A$71,A8,'Evidence Rows'!$C$2:$C$71,"Blocked") -> 0 | H8: =IF(COUNTIFS('Evidence Rows'!$A$2:$A$71,A8,'Evidence Rows'!$C$2:$C$71,"Blocked")+COUNTIFS('Evidence Rows'!$A$2:$A$71,A8,'Evidence Rows'!$C$2:$C$71,"Failed",'Evidence Rows'!$B$2:$B$71,"GS-C04")>0,"Blocked - unresolved exception",IF(D8=7,"Ready - pending manager",IF(E8>0,"Limited exception - staged supervised",IF(F8>0,"Remediation required","Pending evidence")))) -> Ready - pending manager
A9: REP-2708 | B9: Noah Kim | C9: Meetings | D9: =COUNTIFS('Evidence Rows'!$A$2:$A$71,A9,'Evidence Rows'!$C$2:$C$71,"Complete") -> 5 | E9: =COUNTIFS('Evidence Rows'!$A$2:$A$71,A9,'Evidence Rows'!$C$2:$C$71,"Approved Exception") -> 0 | F9: =COUNTIFS('Evidence Rows'!$A$2:$A$71,A9,'Evidence Rows'!$C$2:$C$71,"Failed") -> 1 | G9: =COUNTIFS('Evidence Rows'!$A$2:$A$71,A9,'Evidence Rows'!$C$2:$C$71,"Open")+COUNTIFS('Evidence Rows'!$A$2:$A$71,A9,'Evidence Rows'!$C$2:$C$71,"Blocked") -> 1 | H9: =IF(COUNTIFS('Evidence Rows'!$A$2:$A$71,A9,'Evidence Rows'!$C$2:$C$71,"Blocked")+COUNTIFS('Evidence Rows'!$A$2:$A$71,A9,'Evidence Rows'!$C$2:$C$71,"Failed",'Evidence Rows'!$B$2:$B$71,"GS-C04")>0,"Blocked - unresolved exception",IF(D9=7,"Ready - pending manager",IF(E9>0,"Limited exception - staged supervised",IF(F9>0,"Remediation required","Pending evidence")))) -> Blocked - unresolved exception
A10: REP-2709 | B10: Isabella Reed | C10: Corporate | D10: =COUNTIFS('Evidence Rows'!$A$2:$A$71,A10,'Evidence Rows'!$C$2:$C$71,"Complete") -> 6 | E10: =COUNTIFS('Evidence Rows'!$A$2:$A$71,A10,'Evidence Rows'!$C$2:$C$71,"Approved Exception") -> 0 | F10: =COUNTIFS('Evidence Rows'!$A$2:$A$71,A10,'Evidence Rows'!$C$2:$C$71,"Failed") -> 0 | G10: =COUNTIFS('Evidence Rows'!$A$2:$A$71,A10,'Evidence Rows'!$C$2:$C$71,"Open")+COUNTIFS('Evidence Rows'!$A$2:$A$71,A10,'Evidence Rows'!$C$2:$C$71,"Blocked") -> 1 | H10: =IF(COUNTIFS('Evidence Rows'!$A$2:$A$71,A10,'Evidence Rows'!$C$2:$C$71,"Blocked")+COUNTIFS('Evidence Rows'!$A$2:$A$71,A10,'Evidence Rows'!$C$2:$C$71,"Failed",'Evidence Rows'!$B$2:$B$71,"GS-C04")>0,"Blocked - unresolved exception",IF(D10=7,"Ready - pending manager",IF(E10>0,"Limited exception - staged supervised",IF(F10>0,"Remediation required","Pending evidence")))) -> Pending evidence
A11: REP-2710 | B11: Marcus Lee | C11: Affinity | D11: =COUNTIFS('Evidence Rows'!$A$2:$A$71,A11,'Evidence Rows'!$C$2:$C$71,"Complete") -> 7 | E11: =COUNTIFS('Evidence Rows'!$A$2:$A$71,A11,'Evidence Rows'!$C$2:$C$71,"Approved Exception") -> 0 | F11: =COUNTIFS('Evidence Rows'!$A$2:$A$71,A11,'Evidence Rows'!$C$2:$C$71,"Failed") -> 0 | G11: =COUNTIFS('Evidence Rows'!$A$2:$A$71,A11,'Evidence Rows'!$C$2:$C$71,"Open")+COUNTIFS('Evidence Rows'!$A$2:$A$71,A11,'Evidence Rows'!$C$2:$C$71,"Blocked") -> 0 | H11: =IF(COUNTIFS('Evidence Rows'!$A$2:$A$71,A11,'Evidence Rows'!$C$2:$C$71,"Blocked")+COUNTIFS('Evidence Rows'!$A$2:$A$71,A11,'Evidence Rows'!$C$2:$C$71,"Failed",'Evidence Rows'!$B$2:$B$71,"GS-C04")>0,"Blocked - unresolved exception",IF(D11=7,"Ready - pending manager",IF(E11>0,"Limited exception - staged supervised",IF(F11>0,"Remediation required","Pending evidence")))) -> Ready - pending manager

Sheet Account Records
A1: Account_ID | B1: Opportunity_ID | C1: Account_Name | D1: Segment | E1: Territory_Code | F1: Expected_Departure_Window | G1: Quoted_Value | H1: Margin_Estimate | I1: Service_Deadline | J1: Customer_Action_Due | K1: Temporary_Owner_ID | L1: Proposed_Rep_ID | M1: Coverage_Risk_Band
A2: ACC-1001 | B2: OPP-7001 | C2: Finch Biotech Leadership Offsite | D2: Corporate | E2: COR-W | F2: 46277 | G2: 125000 | H2: 22500 | I2: 46221 | J2: Finalize revised air quote | K2: SEN-801 | L2: REP-2701 | M2: Standard
A3: ACC-1002 | B3: OPP-7002 | C3: K-12 History Tours | D3: Education | E3: EDU-MW | F3: 46300 | G3: 88000 | H3: 12320 | I3: 46222 | J3: Send deposit terms summary | K3: SUP-410 | L3: REP-2703 | M3: Standard
A4: ACC-1003 | B4: OPP-7003 | C4: Allied Nurses Association | D4: Affinity | E4: AFF-E | F4: 46262 | G4: 64000 | H4: 8960 | I4: 46221 | J4: Confirm roster change policy | K4: SEN-801 | L4: REP-2702 | M4: Low
A5: ACC-1004 | B5: OPP-7004 | C5: Beacon Summit 2026 | D5: Meetings | E5: MTG-NE | F5: 46329 | G5: 210000 | H5: 42000 | I5: 46220 | J5: Customer awaiting attrition clause | K5: SUP-410 | L5: REP-2704 | M5: High
A6: ACC-1005 | B6: OPP-7005 | C6: Northstar Sales Kickoff | D6: Corporate | E6: COR-NW | F6: 46286 | G6: 156000 | H6: 28080 | I6: 46223 | J6: Update deposit follow-up in CRM | K6: SEN-801 | L6: REP-2705 | M6: Standard
A7: ACC-1006 | B7: OPP-7006 | C7: Citywide Choir Travel | D7: Affinity | E7: AFF-PA | F7: 46256 | G7: 72000 | H7: 10080 | I7: 46221 | J7: Return group airfare options | K7: SEN-802 | L7: REP-2706 | M7: Standard
A8: ACC-1007 | B8: OPP-7007 | C8: Metro Prep Spain Exchange | D8: Education | E8: EDU-S | F8: 46309 | G8: 93000 | H8: 13950 | I8: 46224 | J8: Confirm hotel block count | K8: SUP-412 | L8: REP-2707 | M8: Standard
A9: ACC-1008 | B9: OPP-7008 | C9: CloudArc Roadshow | D9: Corporate | E9: COR-NE | F9: 46273 | G9: 118000 | H9: 22420 | I9: 46221 | J9: Prepare revision 2 quote | K9: SUP-410 | L9: REP-2709 | M9: Standard
A10: ACC-1009 | B10: OPP-7009 | C10: Greenline Alumni Cruise Air | D10: Affinity | E10: AFF-N | F10: 46295 | G10: 57000 | H10: 7410 | I10: 46225 | J10: Confirm final passenger threshold | K10: SEN-802 | L10: REP-2710 | M10: Low
A11: ACC-1010 | B11: OPP-7010 | C11: Sterling Pharma Congress | D11: Meetings | E11: MTG-W | F11: 46358 | G11: 245000 | H11: 51450 | I11: 46220 | J11: Compliance language due before proposal | K11: SUP-412 | L11: REP-2708 | M11: High
A12: ACC-1011 | B12: OPP-7011 | C12: Meridian Incentive Trip | D12: Corporate | E12: COR-W | F12: 46298 | G12: 132000 | H12: 23760 | I12: 46226 | J12: Schedule stakeholder review | K12: SEN-801 | L12: REP-2701 | M12: Standard
A13: ACC-1012 | B13: OPP-7012 | C13: Harbor Teachers Union | D13: Education | E13: EDU-S | F13: 46290 | G13: 76000 | H13: 10640 | I13: 46225 | J13: Send ground-transfer options | K13: SUP-412 | L13: REP-2707 | M13: Low
... A17: ACC-1016 | B17: OPP-7016 | C17: Pacific STEM Exchange | D17: Education | E17: EDU-MW | F17: 46315 | G17: 102000 | H17: 14280 | I17: 46223 | J17: Hold customer call until terms retest | K17: SEN-802 | L17: REP-2703 | M17: Standard

Sheet Coverage Decisions
A1: Account_ID | B1: Opportunity_ID | C1: Segment | D1: Temporary_Owner_ID | E1: Proposed_Rep_ID | F1: Coverage_Risk_Band | G1: Service_Deadline | H1: Quoted_Value | I1: Margin_Estimate | J1: Readiness_Status | K1: Eligible_For_Handoff | L1: Risk_Score | M1: Allocation_Status | N1: Next_Action
A2: ACC-1001 | B2: OPP-7001 | C2: Corporate | D2: SEN-801 | E2: REP-2701 | F2: Standard | G2: 46221 | H2: 125000 | I2: 22500 | J2: =VLOOKUP(E2,'Readiness Inputs'!$A$2:$H$11,8,FALSE()) -> Ready - pending manager | K2: =IF(J2="Ready - pending manager","Yes",IF(AND(J2="Limited exception - staged supervised",F2<>"High"),"Limited","No")) -> Yes | L2: =IF(F2="High",5,IF(F2="Standard",3,1))+IF(G2<=DATE(2026,7,18),2,0)+IF(H2>=Assumptions!$B$2,1,0) -> 6 | M2: =IF(J2="Ready - pending manager","Staged eligible handoff - pending approval",IF(AND(J2="Limited exception - staged supervised",F2<>"High"),"Staged limited supervised - exception approved",IF(OR(J2="Blocked - unresolved exception",F2="High"),"Escalate to supervisor","Remain temporary coverage"))) -> Staged eligible handoff - pending approval | N2: =IF(M2="Staged eligible handoff - pending approval","Stage supervisor-reviewed handoff after manager approval",IF(M2="Staged limited supervised - exception approved","Senior rep reviews every customer response",IF(M2="Escalate to supervisor","Supervisor retains customer response", "Temporary owner keeps coverage until evidence closes"))) -> Stage supervisor-reviewed handoff after manager approval
A3: ACC-1002 | B3: OPP-7002 | C3: Education | D3: SUP-410 | E3: REP-2703 | F3: Standard | G3: 46222 | H3: 88000 | I3: 12320 | J3: =VLOOKUP(E3,'Readiness Inputs'!$A$2:$H$11,8,FALSE()) -> Remediation required | K3: =IF(J3="Ready - pending manager","Yes",IF(AND(J3="Limited exception - staged supervised",F3<>"High"),"Limited","No")) -> No | L3: =IF(F3="High",5,IF(F3="Standard",3,1))+IF(G3<=DATE(2026,7,18),2,0)+IF(H3>=Assumptions!$B$2,1,0) -> 4 | M3: =IF(J3="Ready - pending manager","Staged eligible handoff - pending approval",IF(AND(J3="Limited exception - staged supervised",F3<>"High"),"Staged limited supervised - exception approved",IF(OR(J3="Blocked - unresolved exception",F3="High"),"Escalate to supervisor","Remain temporary coverage"))) -> Remain temporary coverage | N3: =IF(M3="Staged eligible handoff - pending approval","Stage supervisor-reviewed handoff after manager approval",IF(M3="Staged limited supervised - exception approved","Senior rep reviews every customer response",IF(M3="Escalate to supervisor","Supervisor retains customer response", "Temporary owner keeps coverage until evidence closes"))) -> Temporary owner keeps coverage until evidence closes
A4: ACC-1003 | B4: OPP-7003 | C4: Affinity | D4: SEN-801 | E4: REP-2702 | F4: Low | G4: 46221 | H4: 64000 | I4: 8960 | J4: =VLOOKUP(E4,'Readiness Inputs'!$A$2:$H$11,8,FALSE()) -> Limited exception - staged supervised | K4: =IF(J4="Ready - pending manager","Yes",IF(AND(J4="Limited exception - staged supervised",F4<>"High"),"Limited","No")) -> Limited | L4: =IF(F4="High",5,IF(F4="Standard",3,1))+IF(G4<=DATE(2026,7,18),2,0)+IF(H4>=Assumptions!$B$2,1,0) -> 4 | M4: =IF(J4="Ready - pending manager","Staged eligible handoff - pending approval",IF(AND(J4="Limited exception - staged supervised",F4<>"High"),"Staged limited supervised - exception approved",IF(OR(J4="Blocked - unresolved exception",F4="High"),"Escalate to supervisor","Remain temporary coverage"))) -> Staged limited supervised - exception approved | N4: =IF(M4="Staged eligible handoff - pending approval","Stage supervisor-reviewed handoff after manager approval",IF(M4="Staged limited supervised - exception approved","Senior rep reviews every customer response",IF(M4="Escalate to supervisor","Supervisor retains customer response", "Temporary owner keeps coverage until evidence closes"))) -> Senior rep reviews every customer response
A5: ACC-1004 | B5: OPP-7004 | C5: Meetings | D5: SUP-410 | E5: REP-2704 | F5: High | G5: 46220 | H5: 210000 | I5: 42000 | J5: =VLOOKUP(E5,'Readiness Inputs'!$A$2:$H$11,8,FALSE()) -> Blocked - unresolved exception | K5: =IF(J5="Ready - pending manager","Yes",IF(AND(J5="Limited exception - staged supervised",F5<>"High"),"Limited","No")) -> No | L5: =IF(F5="High",5,IF(F5="Standard",3,1))+IF(G5<=DATE(2026,7,18),2,0)+IF(H5>=Assumptions!$B$2,1,0) -> 8 | M5: =IF(J5="Ready - pending manager","Staged eligible handoff - pending approval",IF(AND(J5="Limited exception - staged supervised",F5<>"High"),"Staged limited supervised - exception approved",IF(OR(J5="Blocked - unresolved exception",F5="High"),"Escalate to supervisor","Remain temporary coverage"))) -> Escalate to supervisor | N5: =IF(M5="Staged eligible handoff - pending approval","Stage supervisor-reviewed handoff after manager approval",IF(M5="Staged limited supervised - exception approved","Senior rep reviews every customer response",IF(M5="Escalate to supervisor","Supervisor retains customer response", "Temporary owner keeps coverage until evidence closes"))) -> Supervisor retains customer response
A6: ACC-1005 | B6: OPP-7005 | C6: Corporate | D6: SEN-801 | E6: REP-2705 | F6: Standard | G6: 46223 | H6: 156000 | I6: 28080 | J6: =VLOOKUP(E6,'Readiness Inputs'!$A$2:$H$11,8,FALSE()) -> Remediation required | K6: =IF(J6="Ready - pending manager","Yes",IF(AND(J6="Limited exception - staged supervised",F6<>"High"),"Limited","No")) -> No | L6: =IF(F6="High",5,IF(F6="Standard",3,1))+IF(G6<=DATE(2026,7,18),2,0)+IF(H6>=Assumptions!$B$2,1,0) -> 4 | M6: =IF(J6="Ready - pending manager","Staged eligible handoff - pending approval",IF(AND(J6="Limited exception - staged supervised",F6<>"High"),"Staged limited supervised - exception approved",IF(OR(J6="Blocked - unresolved exception",F6="High"),"Escalate to supervisor","Remain temporary coverage"))) -> Remain temporary coverage | N6: =IF(M6="Staged eligible handoff - pending approval","Stage supervisor-reviewed handoff after manager approval",IF(M6="Staged limited supervised - exception approved","Senior rep reviews every customer response",IF(M6="Escalate to supervisor","Supervisor retains customer response", "Temporary owner keeps coverage until evidence closes"))) -> Temporary owner keeps coverage until evidence closes
A7: ACC-1006 | B7: OPP-7006 | C7: Affinity | D7: SEN-802 | E7: REP-2706 | F7: Standard | G7: 46221 | H7: 72000 | I7: 10080 | J7: =VLOOKUP(E7,'Readiness Inputs'!$A$2:$H$11,8,FALSE()) -> Pending evidence | K7: =IF(J7="Ready - pending manager","Yes",IF(AND(J7="Limited exception - staged supervised",F7<>"High"),"Limited","No")) -> No | L7: =IF(F7="High",5,IF(F7="Standard",3,1))+IF(G7<=DATE(2026,7,18),2,0)+IF(H7>=Assumptions!$B$2,1,0) -> 6 | M7: =IF(J7="Ready - pending manager","Staged eligible handoff - pending approval",IF(AND(J7="Limited exception - staged supervised",F7<>"High"),"Staged limited supervised - exception approved",IF(OR(J7="Blocked - unresolved exception",F7="High"),"Escalate to supervisor","Remain temporary coverage"))) -> Remain temporary coverage | N7: =IF(M7="Staged eligible handoff - pending approval","Stage supervisor-reviewed handoff after manager approval",IF(M7="Staged limited supervised - exception approved","Senior rep reviews every customer response",IF(M7="Escalate to supervisor","Supervisor retains customer response", "Temporary owner keeps coverage until evidence closes"))) -> Temporary owner keeps coverage until evidence closes
A8: ACC-1007 | B8: OPP-7007 | C8: Education | D8: SUP-412 | E8: REP-2707 | F8: Standard | G8: 46224 | H8: 93000 | I8: 13950 | J8: =VLOOKUP(E8,'Readiness Inputs'!$A$2:$H$11,8,FALSE()) -> Ready - pending manager | K8: =IF(J8="Ready - pending manager","Yes",IF(AND(J8="Limited exception - staged supervised",F8<>"High"),"Limited","No")) -> Yes | L8: =IF(F8="High",5,IF(F8="Standard",3,1))+IF(G8<=DATE(2026,7,18),2,0)+IF(H8>=Assumptions!$B$2,1,0) -> 4 | M8: =IF(J8="Ready - pending manager","Staged eligible handoff - pending approval",IF(AND(J8="Limited exception - staged supervised",F8<>"High"),"Staged limited supervised - exception approved",IF(OR(J8="Blocked - unresolved exception",F8="High"),"Escalate to supervisor","Remain temporary coverage"))) -> Staged eligible handoff - pending approval | N8: =IF(M8="Staged eligible handoff - pending approval","Stage supervisor-reviewed handoff after manager approval",IF(M8="Staged limited supervised - exception approved","Senior rep reviews every customer response",IF(M8="Escalate to supervisor","Supervisor retains customer response", "Temporary owner keeps coverage until evidence closes"))) -> Stage supervisor-reviewed handoff after manager approval
A9: ACC-1008 | B9: OPP-7008 | C9: Corporate | D9: SUP-410 | E9: REP-2709 | F9: Standard | G9: 46221 | H9: 118000 | I9: 22420 | J9: =VLOOKUP(E9,'Readiness Inputs'!$A$2:$H$11,8,FALSE()) -> Pending evidence | K9: =IF(J9="Ready - pending manager","Yes",IF(AND(J9="Limited exception - staged supervised",F9<>"High"),"Limited","No")) -> No | L9: =IF(F9="High",5,IF(F9="Standard",3,1))+IF(G9<=DATE(2026,7,18),2,0)+IF(H9>=Assumptions!$B$2,1,0) -> 6 | M9: =IF(J9="Ready - pending manager","Staged eligible handoff - pending approval",IF(AND(J9="Limited exception - staged supervised",F9<>"High"),"Staged limited supervised - exception approved",IF(OR(J9="Blocked - unresolved exception",F9="High"),"Escalate to supervisor","Remain temporary coverage"))) -> Remain temporary coverage | N9: =IF(M9="Staged eligible handoff - pending approval","Stage supervisor-reviewed handoff after manager approval",IF(M9="Staged limited supervised - exception approved","Senior rep reviews every customer response",IF(M9="Escalate to supervisor","Supervisor retains customer response", "Temporary owner keeps coverage until evidence closes"))) -> Temporary owner keeps coverage until evidence closes
A10: ACC-1009 | B10: OPP-7009 | C10: Affinity | D10: SEN-802 | E10: REP-2710 | F10: Low | G10: 46225 | H10: 57000 | I10: 7410 | J10: =VLOOKUP(E10,'Readiness Inputs'!$A$2:$H$11,8,FALSE()) -> Ready - pending manager | K10: =IF(J10="Ready - pending manager","Yes",IF(AND(J10="Limited exception - staged supervised",F10<>"High"),"Limited","No")) -> Yes | L10: =IF(F10="High",5,IF(F10="Standard",3,1))+IF(G10<=DATE(2026,7,18),2,0)+IF(H10>=Assumptions!$B$2,1,0) -> 2 | M10: =IF(J10="Ready - pending manager","Staged eligible handoff - pending approval",IF(AND(J10="Limited exception - staged supervised",F10<>"High"),"Staged limited supervised - exception approved",IF(OR(J10="Blocked - unresolved exception",F10="High"),"Escalate to supervisor","Remain temporary coverage"))) -> Staged eligible handoff - pending approval | N10: =IF(M10="Staged eligible handoff - pending approval","Stage supervisor-reviewed handoff after manager approval",IF(M10="Staged limited supervised - exception approved","Senior rep reviews every customer response",IF(M10="Escalate to supervisor","Supervisor retains customer response", "Temporary owner keeps coverage until evidence closes"))) -> Stage supervisor-reviewed handoff after manager approval
A11: ACC-1010 | B11: OPP-7010 | C11: Meetings | D11: SUP-412 | E11: REP-2708 | F11: High | G11: 46220 | H11: 245000 | I11: 51450 | J11: =VLOOKUP(E11,'Readiness Inputs'!$A$2:$H$11,8,FALSE()) -> Blocked - unresolved exception | K11: =IF(J11="Ready - pending manager","Yes",IF(AND(J11="Limited exception - staged supervised",F11<>"High"),"Limited","No")) -> No | L11: =IF(F11="High",5,IF(F11="Standard",3,1))+IF(G11<=DATE(2026,7,18),2,0)+IF(H11>=Assumptions!$B$2,1,0) -> 8 | M11: =IF(J11="Ready - pending manager","Staged eligible handoff - pending approval",IF(AND(J11="Limited exception - staged supervised",F11<>"High"),"Staged limited supervised - exception approved",IF(OR(J11="Blocked - unresolved exception",F11="High"),"Escalate to supervisor","Remain temporary coverage"))) -> Escalate to supervisor | N11: =IF(M11="Staged eligible handoff - pending approval","Stage supervisor-reviewed handoff after manager approval",IF(M11="Staged limited supervised - exception approved","Senior rep reviews every customer response",IF(M11="Escalate to supervisor","Supervisor retains customer response", "Temporary owner keeps coverage until evidence closes"))) -> Supervisor retains customer response
A12: ACC-1011 | B12: OPP-7011 | C12: Corporate | D12: SEN-801 | E12: REP-2701 | F12: Standard | G12: 46226 | H12: 132000 | I12: 23760 | J12: =VLOOKUP(E12,'Readiness Inputs'!$A$2:$H$11,8,FALSE()) -> Ready - pending manager | K12: =IF(J12="Ready - pending manager","Yes",IF(AND(J12="Limited exception - staged supervised",F12<>"High"),"Limited","No")) -> Yes | L12: =IF(F12="High",5,IF(F12="Standard",3,1))+IF(G12<=DATE(2026,7,18),2,0)+IF(H12>=Assumptions!$B$2,1,0) -> 4 | M12: =IF(J12="Ready - pending manager","Staged eligible handoff - pending approval",IF(AND(J12="Limited exception - staged supervised",F12<>"High"),"Staged limited supervised - exception approved",IF(OR(J12="Blocked - unresolved exception",F12="High"),"Escalate to supervisor","Remain temporary coverage"))) -> Staged eligible handoff - pending approval | N12: =IF(M12="Staged eligible handoff - pending approval","Stage supervisor-reviewed handoff after manager approval",IF(M12="Staged limited supervised - exception approved","Senior rep reviews every customer response",IF(M12="Escalate to supervisor","Supervisor retains customer response", "Temporary owner keeps coverage until evidence closes"))) -> Stage supervisor-reviewed handoff after manager approval
A13: ACC-1012 | B13: OPP-7012 | C13: Education | D13: SUP-412 | E13: REP-2707 | F13: Low | G13: 46225 | H13: 76000 | I13: 10640 | J13: =VLOOKUP(E13,'Readiness Inputs'!$A$2:$H$11,8,FALSE()) -> Ready - pending manager | K13: =IF(J13="Ready - pending manager","Yes",IF(AND(J13="Limited exception - staged supervised",F13<>"High"),"Limited","No")) -> Yes | L13: =IF(F13="High",5,IF(F13="Standard",3,1))+IF(G13<=DATE(2026,7,18),2,0)+IF(H13>=Assumptions!$B$2,1,0) -> 2 | M13: =IF(J13="Ready - pending manager","Staged eligible handoff - pending approval",IF(AND(J13="Limited exception - staged supervised",F13<>"High"),"Staged limited supervised - exception approved",IF(OR(J13="Blocked - unresolved exception",F13="High"),"Escalate to supervisor","Remain temporary coverage"))) -> Staged eligible handoff - pending approval | N13: =IF(M13="Staged eligible handoff - pending approval","Stage supervisor-reviewed handoff after manager approval",IF(M13="Staged limited supervised - exception approved","Senior rep reviews every customer response",IF(M13="Escalate to supervisor","Supervisor retains customer response", "Temporary owner keeps coverage until evidence closes"))) -> Stage supervisor-reviewed handoff after manager approval
... A17: ACC-1016 | B17: OPP-7016 | C17: Education | D17: SEN-802 | E17: REP-2703 | F17: Standard | G17: 46223 | H17: 102000 | I17: 14280 | J17: =VLOOKUP(E17,'Readiness Inputs'!$A$2:$H$11,8,FALSE()) -> Remediation required | K17: =IF(J17="Ready - pending manager","Yes",IF(AND(J17="Limited exception - staged supervised",F17<>"High"),"Limited","No")) -> No | L17: =IF(F17="High",5,IF(F17="Standard",3,1))+IF(G17<=DATE(2026,7,18),2,0)+IF(H17>=Assumptions!$B$2,1,0) -> 4 | M17: =IF(J17="Ready - pending manager","Staged eligible handoff - pending approval",IF(AND(J17="Limited exception - staged supervised",F17<>"High"),"Staged limited supervised - exception approved",IF(OR(J17="Blocked - unresolved exception",F17="High"),"Escalate to supervisor","Remain temporary coverage"))) -> Remain temporary coverage | N17: =IF(M17="Staged eligible handoff - pending approval","Stage supervisor-reviewed handoff after manager approval",IF(M17="Staged limited supervised - exception approved","Senior rep reviews every customer response",IF(M17="Escalate to supervisor","Supervisor retains customer response", "Temporary owner keeps coverage until evidence closes"))) -> Temporary owner keeps coverage until evidence closes

Sheet Scenario Analysis
A1: Scenario_Name | B1: Accounts handed off | C1: Open escalations | D1: Temporary coverage value | E1: Temp coverage ($100K)
A2: No handoff | B2: 0 | C2: =COUNTIF('Coverage Decisions'!M2:M17,"Escalate to supervisor") -> 3 | D2: =SUM('Coverage Decisions'!H2:H17) -> 1942000 | E2: =D2/100000 -> 19.42
A3: Eligible-only handoff | B3: =COUNTIF('Coverage Decisions'!M2:M17,"Staged eligible handoff - pending approval") -> 5 | C3: =COUNTIF('Coverage Decisions'!M2:M17,"Escalate to supervisor") -> 3 | D3: =SUMIF('Coverage Decisions'!M2:M17,"<>Staged eligible handoff - pending approval",'Coverage Decisions'!H2:H17) -> 1459000 | E3: =D3/100000 -> 14.59
A4: Limited-exception handoff | B4: =COUNTIF('Coverage Decisions'!M2:M17,"Staged eligible handoff - pending approval")+COUNTIF('Coverage Decisions'!M2:M17,"Staged limited supervised - exception approved") -> 7 | C4: =COUNTIF('Coverage Decisions'!M2:M17,"Escalate to supervisor") -> 3 | D4: =SUMIFS('Coverage Decisions'!H2:H17,'Coverage Decisions'!M2:M17,"Remain temporary coverage")+SUMIFS('Coverage Decisions'!H2:H17,'Coverage Decisions'!M2:M17,"Escalate to supervisor") -> 1346000 | E4: =D4/100000 -> 13.46
A8: Segment | B8: Average risk score
A9: Corporate | B9: =AVERAGEIF('Coverage Decisions'!C2:C17,A9,'Coverage Decisions'!L2:L17) -> 5.2
A10: Affinity | B10: =AVERAGEIF('Coverage Decisions'!C2:C17,A10,'Coverage Decisions'!L2:L17) -> 3.5
A11: Education | B11: =AVERAGEIF('Coverage Decisions'!C2:C17,A11,'Coverage Decisions'!L2:L17) -> 3.5
A12: Meetings | B12: =AVERAGEIF('Coverage Decisions'!C2:C17,A12,'Coverage Decisions'!L2:L17) -> 7.3333333

Sheet Exceptions and Escalations
A1: Account_ID | B1: Opportunity_ID | C1: Proposed_Rep_ID | D1: Allocation_Status | E1: Current_Owner_ID | F1: Service_Deadline | G1: Customer_Action_Due | H1: Next_Action
A2: ACC-1002 | B2: OPP-7002 | C2: REP-2703 | D2: Remain temporary coverage | E2: SUP-410 | F2: 46222 | G2: Send deposit terms summary | H2: Carry next action until readiness or manager approval changes
A3: ACC-1004 | B3: OPP-7004 | C3: REP-2704 | D3: Escalate to supervisor | E3: SUP-410 | F3: 46220 | G3: Customer awaiting attrition clause | H3: Carry next action until readiness or manager approval changes
A4: ACC-1005 | B4: OPP-7005 | C4: REP-2705 | D4: Remain temporary coverage | E4: SEN-801 | F4: 46223 | G4: Update deposit follow-up in CRM | H4: Carry next action until readiness or manager approval changes
A5: ACC-1006 | B5: OPP-7006 | C5: REP-2706 | D5: Remain temporary coverage | E5: SEN-802 | F5: 46221 | G5: Return group airfare options | H5: Carry next action until readiness or manager approval changes
A6: ACC-1008 | B6: OPP-7008 | C6: REP-2709 | D6: Remain temporary coverage | E6: SUP-410 | F6: 46221 | G6: Prepare revision 2 quote | H6: Carry next action until readiness or manager approval changes
A7: ACC-1010 | B7: OPP-7010 | C7: REP-2708 | D7: Escalate to supervisor | E7: SUP-412 | F7: 46220 | G7: Compliance language due before proposal | H7: Carry next action until readiness or manager approval changes
A8: ACC-1013 | B8: OPP-7013 | C8: REP-2704 | D8: Escalate to supervisor | E8: SUP-412 | F8: 46222 | G8: Venue attrition question open | H8: Carry next action until readiness or manager approval changes
A9: ACC-1015 | B9: OPP-7015 | C9: REP-2705 | D9: Remain temporary coverage | E9: SUP-410 | F9: 46221 | G9: Update CRM quote revision history | H9: Carry next action until readiness or manager approval changes
A10: ACC-1016 | B10: OPP-7016 | C10: REP-2703 | D10: Remain temporary coverage | E10: SEN-802 | F10: 46223 | G10: Hold customer call until terms retest | H10: Carry next action until readiness or manager approval changes

Sheet Formula Checks
A1: Check | B1: Formula_Result | C1: Expected
A2: Active accounts | B2: =COUNTA('Coverage Decisions'!A2:A17) -> 16 | C2: 16
A3: Eligible staged | B3: =COUNTIF('Coverage Decisions'!M2:M17,"Staged eligible handoff - pending approval") -> 5 | C3: 5
A4: Limited staged | B4: =COUNTIF('Coverage Decisions'!M2:M17,"Staged limited supervised - exception approved") -> 2 | C4: 2
A5: Temporary coverage | B5: =COUNTIF('Coverage Decisions'!M2:M17,"Remain temporary coverage") -> 6 | C5: 6
A6: Supervisor escalation | B6: =COUNTIF('Coverage Decisions'!M2:M17,"Escalate to supervisor") -> 3 | C6: 3
A7: Quoted value total | B7: =SUM('Coverage Decisions'!H2:H17) -> 1942000 | C7: 1942000
A8: Limited scenario temp plus escalation value | B8: ='Scenario Analysis'!D4 -> 1346000 | C8: 1346000

Sheet Owner Load
A1: Owner_ID | B1: Owner_Name | C1: Capacity limit | D1: Planned accounts | E1: Variance_To_Capacity | F1: Capacity_Status
A2: SEN-801 | B2: Clara Moore | C2: 4 | D2: =COUNTIFS('Coverage Decisions'!D2:D17,A2,'Coverage Decisions'!M2:M17,"Remain temporary coverage")+COUNTIFS('Coverage Decisions'!D2:D17,A2,'Coverage Decisions'!M2:M17,"Escalate to supervisor") -> 1 | E2: =D2-C2 -> -3 | F2: =IF(E2>0,"Over capacity","Within capacity") -> Within capacity
A3: SEN-802 | B3: Ben Harrow | C3: 4 | D3: =COUNTIFS('Coverage Decisions'!D2:D17,A3,'Coverage Decisions'!M2:M17,"Remain temporary coverage")+COUNTIFS('Coverage Decisions'!D2:D17,A3,'Coverage Decisions'!M2:M17,"Escalate to supervisor") -> 2 | E3: =D3-C3 -> -2 | F3: =IF(E3>0,"Over capacity","Within capacity") -> Within capacity
A4: SUP-410 | B4: Alicia Benton | C4: 3 | D4: =COUNTIFS('Coverage Decisions'!D2:D17,A4,'Coverage Decisions'!M2:M17,"Remain temporary coverage")+COUNTIFS('Coverage Decisions'!D2:D17,A4,'Coverage Decisions'!M2:M17,"Escalate to supervisor") -> 4 | E4: =D4-C4 -> 1 | F4: =IF(E4>0,"Over capacity","Within capacity") -> Over capacity
A5: SUP-412 | B5: Nolan Price | C5: 3 | D5: =COUNTIFS('Coverage Decisions'!D2:D17,A5,'Coverage Decisions'!M2:M17,"Remain temporary coverage")+COUNTIFS('Coverage Decisions'!D2:D17,A5,'Coverage Decisions'!M2:M17,"Escalate to supervisor") -> 2 | E5: =D5-C5 -> -1 | F5: =IF(E5>0,"Over capacity","Within capacity") -> Within capacity
