Workbook

Sheet Schedule Dashboard
A1: Schedule Dashboard
A2: HB-RAMP-2026-07 | pending desk manager approval
A5: Session_Date | B5: Remediation | C5: Retest | D5: Observation/panel
A6: 46219 | B6: =COUNTIFS('Scheduled Sessions'!$G$2:$G$10,A6,'Scheduled Sessions'!$E$2:$E$10,"*remediation*") -> 2 | C6: =COUNTIFS('Scheduled Sessions'!$G$2:$G$10,A6,'Scheduled Sessions'!$E$2:$E$10,"*retest*") -> 1 | D6: =COUNTIFS('Scheduled Sessions'!$G$2:$G$10,A6,'Scheduled Sessions'!$E$2:$E$10,"*observation*")+COUNTIFS('Scheduled Sessions'!$G$2:$G$10,A6,'Scheduled Sessions'!$E$2:$E$10,"*panel*") -> 0
A7: 46220 | B7: =COUNTIFS('Scheduled Sessions'!$G$2:$G$10,A7,'Scheduled Sessions'!$E$2:$E$10,"*remediation*") -> 0 | C7: =COUNTIFS('Scheduled Sessions'!$G$2:$G$10,A7,'Scheduled Sessions'!$E$2:$E$10,"*retest*") -> 2 | D7: =COUNTIFS('Scheduled Sessions'!$G$2:$G$10,A7,'Scheduled Sessions'!$E$2:$E$10,"*observation*")+COUNTIFS('Scheduled Sessions'!$G$2:$G$10,A7,'Scheduled Sessions'!$E$2:$E$10,"*panel*") -> 2
A8: 46221 | B8: =COUNTIFS('Scheduled Sessions'!$G$2:$G$10,A8,'Scheduled Sessions'!$E$2:$E$10,"*remediation*") -> 0 | C8: =COUNTIFS('Scheduled Sessions'!$G$2:$G$10,A8,'Scheduled Sessions'!$E$2:$E$10,"*retest*") -> 0 | D8: =COUNTIFS('Scheduled Sessions'!$G$2:$G$10,A8,'Scheduled Sessions'!$E$2:$E$10,"*observation*")+COUNTIFS('Scheduled Sessions'!$G$2:$G$10,A8,'Scheduled Sessions'!$E$2:$E$10,"*panel*") -> 1
A9: 46223 | B9: =COUNTIFS('Scheduled Sessions'!$G$2:$G$10,A9,'Scheduled Sessions'!$E$2:$E$10,"*remediation*") -> 0 | C9: =COUNTIFS('Scheduled Sessions'!$G$2:$G$10,A9,'Scheduled Sessions'!$E$2:$E$10,"*retest*") -> 0 | D9: =COUNTIFS('Scheduled Sessions'!$G$2:$G$10,A9,'Scheduled Sessions'!$E$2:$E$10,"*observation*")+COUNTIFS('Scheduled Sessions'!$G$2:$G$10,A9,'Scheduled Sessions'!$E$2:$E$10,"*panel*") -> 1
A11: Trainer_ID | B11: Booked slots | C11: Available slots
A12: TRN-503 | B12: =SUMIF('Scheduled Sessions'!F2:F10,A12,'Scheduled Sessions'!M2:M10) -> 10 | C12: =SUMIF(Availability!A2:A9,A12,Availability!E2:E9) -> 8
A13: TRN-504 | B13: =SUMIF('Scheduled Sessions'!F2:F10,A13,'Scheduled Sessions'!M2:M10) -> 1 | C13: =SUMIF(Availability!A2:A9,A13,Availability!E2:E9) -> 2
A14: TRN-505 | B14: =SUMIF('Scheduled Sessions'!F2:F10,A14,'Scheduled Sessions'!M2:M10) -> 2 | C14: =SUMIF(Availability!A2:A9,A14,Availability!E2:E9) -> 8
A15: TRN-506 | B15: =SUMIF('Scheduled Sessions'!F2:F10,A15,'Scheduled Sessions'!M2:M10) -> 2 | C15: =SUMIF(Availability!A2:A9,A15,Availability!E2:E9) -> 4

Sheet Parameters
A1: Parameter | B1: Value | C1: Note
A2: Approval_Request_ID | B2: HB-RAMP-2026-07 | C2: Manager review remains pending
A3: Workday_Start | B3: 0.35416667 | C3: Earliest scheduled start
A4: Workday_End | B4: 0.70833333 | C4: Latest scheduled end
A5: Default_Buffer_Minutes | B5: 59 | C5: Minimum between observation and recommendation

Sheet Source_Cohort
A1: Rep_ID | B1: Representative_Name | C1: Segment | D1: Supervisor_ID | E1: Target_Certification_Date | F1: Target_Independent_Coverage_Date | G1: Constraint_Type
A2: REP-2701 | B2: Maya Chen | C2: Corporate | D2: SUP-410 | E2: 46221 | F2: 46223 | G2: None
A3: REP-2702 | B3: Jordan Patel | C3: Affinity | D3: SUP-411 | E3: 46221 | F3: 46223 | G3: Approved limited-coverage exception
A4: REP-2703 | B4: Sofia Ramirez | C4: Education | D4: SUP-412 | E4: 46222 | F4: 46224 | G4: Contract terms remediation
A5: REP-2704 | B5: Ethan Brooks | C5: Meetings | D5: SUP-413 | E5: 46222 | F5: 46225 | G5: State seller-of-travel licensing hold
A6: REP-2705 | B6: Priya Nair | C6: Corporate | D6: SUP-410 | E6: 46223 | F6: 46225 | G6: CRM audit remediation
A7: REP-2706 | B7: Liam O'Neill | C7: Affinity | D7: SUP-411 | E7: 46223 | F7: 46225 | G7: Missed live observation slot
A8: REP-2707 | B8: Ava Thompson | C8: Education | D8: SUP-412 | E8: 46221 | F8: 46223 | G8: None
A9: REP-2708 | B9: Noah Kim | C9: Meetings | D9: SUP-413 | E9: 46222 | F9: 46225 | G9: Compliance disclosure miss
A10: REP-2709 | B10: Isabella Reed | C10: Corporate | D10: SUP-410 | E10: 46221 | F10: 46223 | G10: Supervisor recommendation pending
A11: REP-2710 | B11: Marcus Lee | C11: Affinity | D11: SUP-411 | E11: 46221 | F11: 46223 | G11: Quote remediation cleared 2026-07-14

Sheet Availability
A1: Trainer_ID | B1: Availability_Date | C1: Start_Time | D1: End_Time | E1: Capacity_Slots | F1: Window_Use
A2: TRN-503 | B2: 46219 | C2: 0.35416667 | D2: 0.52083333 | E2: 3 | F2: CRM and contract remediation
A3: TRN-503 | B3: 46219 | C3: 0.54166667 | D3: 0.6875 | E3: 3 | F3: Contract remediation
A4: TRN-503 | B4: 46220 | C4: 0.375 | D4: 0.5 | E4: 2 | F4: Contract retest
A5: TRN-504 | B5: 46220 | C5: 0.58333333 | D5: 0.70833333 | E5: 2 | F5: Compliance retest
A6: TRN-505 | B6: 46220 | C6: 0.35416667 | D6: 0.52083333 | E6: 4 | F6: Live observation
A7: TRN-505 | B7: 46223 | C7: 0.375 | D7: 0.5 | E7: 4 | F7: Live observation
A8: TRN-506 | B8: 46220 | C8: 0.4375 | D8: 0.52083333 | E8: 2 | F8: Supervisor recommendation panels
A9: TRN-506 | B9: 46221 | C9: 0.54166667 | D9: 0.625 | E9: 2 | F9: Supervisor recommendation panels

Sheet Evidence_Gaps
A1: Rep_ID | B1: Competency_ID | C1: Gap_Type | D1: Priority | E1: Reason | F1: Owner_ID | G1: Due_Date
A2: REP-2702 | B2: GS-C07 | C2: Live observation pending | D2: Medium | E2: Approved limited exception closes after 2026-07-20 observation | F2: TRN-505 | G2: 46223
A3: REP-2703 | B3: GS-C03 | C3: Failed contract assessment | D3: High | E3: Retest before live observation | F3: TRN-503 | G3: 46220
A4: REP-2704 | B4: GS-C04 | C4: Licensing hold | D4: Blocked | E4: No schedule until compliance releases hold | F4: COM-201 | G4: 46225
A5: REP-2705 | B5: GS-C05 | C5: CRM audit failed | D5: High | E5: CRM remediation and audit required | F5: TRN-503 | G5: 46219
A6: REP-2706 | B6: GS-C07 | C6: Live observation missed | D6: Medium | E6: Rescheduled before trainer blackout | F6: TRN-505 | G6: 46220
A7: REP-2708 | B7: GS-C04 | C7: Compliance disclosure miss | D7: High | E7: Retest required before observation | F7: TRN-504 | G7: 46221
A8: REP-2709 | B8: GS-C07 | C8: Supervisor recommendation pending | D8: Medium | E8: Panel scheduled | F8: SUP-410 | G8: 46220

Sheet Scheduled Sessions
A1: Session_ID | B1: Rep_ID | C1: Module_ID | D1: Competency_ID | E1: Session_Type | F1: Trainer_ID | G1: Session_Date | H1: Start_Time | I1: End_Time | J1: Duration_Min | K1: Prerequisite_Status | L1: Capacity_Slots | M1: Booked_Same_Trainer_Date | N1: Buffer_Min | O1: Conflict_Flag | P1: Schedule_Status | Q1: Confirmation_State | R1: Session_Note
A2: SES-0716-01 | B2: REP-2705 | C2: M501 | D2: GS-C05 | E2: CRM remediation | F2: TRN-503 | G2: 46219 | H2: 0.375 | I2: 0.4375 | J2: =(I2-H2)*1440 -> 90 | K2: Met | L2: =SUMIFS(Availability!$E$2:$E$9,Availability!$A$2:$A$9,F2,Availability!$B$2:$B$9,G2) -> 6 | M2: =COUNTIFS($F$2:$F$10,F2,$G$2:$G$10,G2) -> 3 | N2: 30 | O2: =IF(K2<>"Met","Prereq hold",IF(L2=0,"Unavailable",IF(M2>L2,"Over capacity","Clear"))) -> Clear | P2: Confirmed | Q2: Confirmed | R2: Rebuild CRM notes before audit
A3: SES-0716-02 | B3: REP-2705 | C3: A-C05 | D3: GS-C05 | E3: CRM retest | F3: TRN-503 | G3: 46219 | H3: 0.45833333 | I3: 0.48958333 | J3: =(I3-H3)*1440 -> 45 | K3: Met | L3: =SUMIFS(Availability!$E$2:$E$9,Availability!$A$2:$A$9,F3,Availability!$B$2:$B$9,G3) -> 6 | M3: =COUNTIFS($F$2:$F$10,F3,$G$2:$G$10,G3) -> 3 | N3: 30 | O3: =IF(K3<>"Met","Prereq hold",IF(L3=0,"Unavailable",IF(M3>L3,"Over capacity","Clear"))) -> Clear | P3: Confirmed | Q3: Confirmed | R3: QA audit after remediation
A4: SES-0716-03 | B4: REP-2703 | C4: M301 | D4: GS-C03 | E4: Contract remediation | F4: TRN-503 | G4: 46219 | H4: 0.54166667 | I4: 0.625 | J4: =(I4-H4)*1440 -> 120 | K4: Met | L4: =SUMIFS(Availability!$E$2:$E$9,Availability!$A$2:$A$9,F4,Availability!$B$2:$B$9,G4) -> 6 | M4: =COUNTIFS($F$2:$F$10,F4,$G$2:$G$10,G4) -> 3 | N4: 240 | O4: =IF(K4<>"Met","Prereq hold",IF(L4=0,"Unavailable",IF(M4>L4,"Over capacity","Clear"))) -> Clear | P4: Confirmed | Q4: Confirmed | R4: Terms remediation before retest
A5: SES-0717-01 | B5: REP-2703 | C5: A-C03 | D5: GS-C03 | E5: Contract retest | F5: TRN-503 | G5: 46220 | H5: 0.41666667 | I5: 0.45833333 | J5: =(I5-H5)*1440 -> 60 | K5: Met | L5: =SUMIFS(Availability!$E$2:$E$9,Availability!$A$2:$A$9,F5,Availability!$B$2:$B$9,G5) -> 2 | M5: =COUNTIFS($F$2:$F$10,F5,$G$2:$G$10,G5) -> 1 | N5: 60 | O5: =IF(K5<>"Met","Prereq hold",IF(L5=0,"Unavailable",IF(M5>L5,"Over capacity","Clear"))) -> Clear | P5: Proposed | Q5: Proposed | R5: Must pass before live observation
A6: SES-0717-02 | B6: REP-2706 | C6: M701 | D6: GS-C07 | E6: Live observation | F6: TRN-505 | G6: 46220 | H6: 0.375 | I6: 0.41666667 | J6: =(I6-H6)*1440 -> 60 | K6: Met | L6: =SUMIFS(Availability!$E$2:$E$9,Availability!$A$2:$A$9,F6,Availability!$B$2:$B$9,G6) -> 4 | M6: =COUNTIFS($F$2:$F$10,F6,$G$2:$G$10,G6) -> 1 | N6: 60 | O6: =IF(K6<>"Met","Prereq hold",IF(L6=0,"Unavailable",IF(M6>L6,"Over capacity","Clear"))) -> Clear | P6: Confirmed | Q6: Confirmed | R6: Rescheduled before Erin blackout
A7: SES-0717-03 | B7: REP-2709 | C7: A-C07 | D7: GS-C07 | E7: Supervisor panel | F7: TRN-506 | G7: 46220 | H7: 0.45833333 | I7: 0.5 | J7: =(I7-H7)*1440 -> 60 | K7: Met | L7: =SUMIFS(Availability!$E$2:$E$9,Availability!$A$2:$A$9,F7,Availability!$B$2:$B$9,G7) -> 2 | M7: =COUNTIFS($F$2:$F$10,F7,$G$2:$G$10,G7) -> 1 | N7: 60 | O7: =IF(K7<>"Met","Prereq hold",IF(L7=0,"Unavailable",IF(M7>L7,"Over capacity","Clear"))) -> Clear | P7: Confirmed | Q7: Confirmed | R7: Recommendation panel
A8: SES-0717-04 | B8: REP-2708 | C8: A-C04 | D8: GS-C04 | E8: Compliance retest | F8: TRN-504 | G8: 46220 | H8: 0.625 | I8: 0.66666667 | J8: =(I8-H8)*1440 -> 60 | K8: Met | L8: =SUMIFS(Availability!$E$2:$E$9,Availability!$A$2:$A$9,F8,Availability!$B$2:$B$9,G8) -> 2 | M8: =COUNTIFS($F$2:$F$10,F8,$G$2:$G$10,G8) -> 1 | N8: 120 | O8: =IF(K8<>"Met","Prereq hold",IF(L8=0,"Unavailable",IF(M8>L8,"Over capacity","Clear"))) -> Clear | P8: Proposed | Q8: Proposed | R8: Retest before any live observation
A9: SES-0718-01 | B9: REP-2705 | C9: A-C07 | D9: GS-C07 | E9: Supervisor panel | F9: TRN-506 | G9: 46221 | H9: 0.54166667 | I9: 0.58333333 | J9: =(I9-H9)*1440 -> 60 | K9: Met | L9: =SUMIFS(Availability!$E$2:$E$9,Availability!$A$2:$A$9,F9,Availability!$B$2:$B$9,G9) -> 2 | M9: =COUNTIFS($F$2:$F$10,F9,$G$2:$G$10,G9) -> 1 | N9: 60 | O9: =IF(K9<>"Met","Prereq hold",IF(L9=0,"Unavailable",IF(M9>L9,"Over capacity","Clear"))) -> Clear | P9: Proposed | Q9: Proposed | R9: Manager recommendation after CRM retest
A10: SES-0720-01 | B10: REP-2702 | C10: M701 | D10: GS-C07 | E10: Live observation | F10: TRN-505 | G10: 46223 | H10: 0.41666667 | I10: 0.45833333 | J10: =(I10-H10)*1440 -> 60 | K10: Met | L10: =SUMIFS(Availability!$E$2:$E$9,Availability!$A$2:$A$9,F10,Availability!$B$2:$B$9,G10) -> 4 | M10: =COUNTIFS($F$2:$F$10,F10,$G$2:$G$10,G10) -> 1 | N10: 60 | O10: =IF(K10<>"Met","Prereq hold",IF(L10=0,"Unavailable",IF(M10>L10,"Over capacity","Clear"))) -> Clear | P10: Proposed | Q10: Proposed | R10: Close approved limited exception

Sheet Representative View
A1: Rep_ID | B1: Representative_Name | C1: Segment | D1: Target_Certification_Date | E1: Open_Gaps | F1: Scheduled_Items | G1: Schedule_Status | H1: Readiness_Status | I1: Constraint_Type
A2: REP-2701 | B2: Maya Chen | C2: Corporate | D2: 46221 | E2: =COUNTIF(Evidence_Gaps!$A$2:$A$8,A2) -> 0 | F2: =COUNTIF('Scheduled Sessions'!$B$2:$B$10,A2) -> 0 | G2: =IF(E2=0,"No open gap",IF(F2=0,"Unscheduled",IF(F2<E2,"Partially scheduled","Scheduled"))) -> No open gap | H2: Ready - pending manager | I2: None
A3: REP-2702 | B3: Jordan Patel | C3: Affinity | D3: 46221 | E3: =COUNTIF(Evidence_Gaps!$A$2:$A$8,A3) -> 1 | F3: =COUNTIF('Scheduled Sessions'!$B$2:$B$10,A3) -> 1 | G3: =IF(E3=0,"No open gap",IF(F3=0,"Unscheduled",IF(F3<E3,"Partially scheduled","Scheduled"))) -> Scheduled | H3: Limited exception - staged supervised | I3: Approved limited-coverage exception
A4: REP-2703 | B4: Sofia Ramirez | C4: Education | D4: 46222 | E4: =COUNTIF(Evidence_Gaps!$A$2:$A$8,A4) -> 1 | F4: =COUNTIF('Scheduled Sessions'!$B$2:$B$10,A4) -> 2 | G4: =IF(E4=0,"No open gap",IF(F4=0,"Unscheduled",IF(F4<E4,"Partially scheduled","Scheduled"))) -> Scheduled | H4: Remediation required | I4: Contract terms remediation
A5: REP-2704 | B5: Ethan Brooks | C5: Meetings | D5: 46222 | E5: =COUNTIF(Evidence_Gaps!$A$2:$A$8,A5) -> 1 | F5: =COUNTIF('Scheduled Sessions'!$B$2:$B$10,A5) -> 0 | G5: =IF(E5=0,"No open gap",IF(F5=0,"Unscheduled",IF(F5<E5,"Partially scheduled","Scheduled"))) -> Unscheduled | H5: Blocked - unresolved exception | I5: State seller-of-travel licensing hold
A6: REP-2705 | B6: Priya Nair | C6: Corporate | D6: 46223 | E6: =COUNTIF(Evidence_Gaps!$A$2:$A$8,A6) -> 1 | F6: =COUNTIF('Scheduled Sessions'!$B$2:$B$10,A6) -> 3 | G6: =IF(E6=0,"No open gap",IF(F6=0,"Unscheduled",IF(F6<E6,"Partially scheduled","Scheduled"))) -> Scheduled | H6: Remediation required | I6: CRM audit remediation
A7: REP-2706 | B7: Liam O'Neill | C7: Affinity | D7: 46223 | E7: =COUNTIF(Evidence_Gaps!$A$2:$A$8,A7) -> 1 | F7: =COUNTIF('Scheduled Sessions'!$B$2:$B$10,A7) -> 1 | G7: =IF(E7=0,"No open gap",IF(F7=0,"Unscheduled",IF(F7<E7,"Partially scheduled","Scheduled"))) -> Scheduled | H7: Pending evidence | I7: Missed live observation slot
A8: REP-2707 | B8: Ava Thompson | C8: Education | D8: 46221 | E8: =COUNTIF(Evidence_Gaps!$A$2:$A$8,A8) -> 0 | F8: =COUNTIF('Scheduled Sessions'!$B$2:$B$10,A8) -> 0 | G8: =IF(E8=0,"No open gap",IF(F8=0,"Unscheduled",IF(F8<E8,"Partially scheduled","Scheduled"))) -> No open gap | H8: Ready - pending manager | I8: None
A9: REP-2708 | B9: Noah Kim | C9: Meetings | D9: 46222 | E9: =COUNTIF(Evidence_Gaps!$A$2:$A$8,A9) -> 1 | F9: =COUNTIF('Scheduled Sessions'!$B$2:$B$10,A9) -> 1 | G9: =IF(E9=0,"No open gap",IF(F9=0,"Unscheduled",IF(F9<E9,"Partially scheduled","Scheduled"))) -> Scheduled | H9: Blocked - unresolved exception | I9: Compliance disclosure miss
A10: REP-2709 | B10: Isabella Reed | C10: Corporate | D10: 46221 | E10: =COUNTIF(Evidence_Gaps!$A$2:$A$8,A10) -> 1 | F10: =COUNTIF('Scheduled Sessions'!$B$2:$B$10,A10) -> 1 | G10: =IF(E10=0,"No open gap",IF(F10=0,"Unscheduled",IF(F10<E10,"Partially scheduled","Scheduled"))) -> Scheduled | H10: Pending evidence | I10: Supervisor recommendation pending
A11: REP-2710 | B11: Marcus Lee | C11: Affinity | D11: 46221 | E11: =COUNTIF(Evidence_Gaps!$A$2:$A$8,A11) -> 0 | F11: =COUNTIF('Scheduled Sessions'!$B$2:$B$10,A11) -> 0 | G11: =IF(E11=0,"No open gap",IF(F11=0,"Unscheduled",IF(F11<E11,"Partially scheduled","Scheduled"))) -> No open gap | H11: Ready - pending manager | I11: Quote remediation cleared 2026-07-14

Sheet Schedule Exceptions
A1: Rep_ID | B1: Exception_State | C1: Reason | D1: Owner_ID | E1: Due_Date | F1: Exception_Type
A2: REP-2704 | B2: Not scheduled | C2: Licensing hold blocks compliance and observation | D2: COM-201 | E2: 46225 | F2: Blocked
A3: REP-2703 | B3: Observation held | C3: Live observation waits for contract retest result | D3: TRN-503 | E3: 46220 | F3: Dependency
A4: REP-2708 | B4: Observation held | C4: Compliance disclosure retest must pass first | D4: TRN-504 | E4: 46221 | F4: Dependency

Sheet Schedule Feasibility
A1: Stage_Status | B1: Representatives
A2: Ready or manager pending | B2: =COUNTIF('Representative View'!H2:H11,"Ready - pending manager") -> 3
A3: Limited exception | B3: =COUNTIF('Representative View'!H2:H11,"Limited exception - staged supervised") -> 1
A4: Remediation | B4: =COUNTIF('Representative View'!H2:H11,"Remediation required") -> 2
A5: Pending evidence | B5: =COUNTIF('Representative View'!H2:H11,"Pending evidence") -> 2
A6: Blocked | B6: =COUNTIF('Representative View'!H2:H11,"Blocked - unresolved exception") -> 2
A9: Segment | B9: High-risk reps
A10: Corporate | B10: =COUNTIFS('Representative View'!C2:C11,A10,'Representative View'!H2:H11,"<>Ready - pending manager") -> 2
A11: Affinity | B11: =COUNTIFS('Representative View'!C2:C11,A11,'Representative View'!H2:H11,"<>Ready - pending manager") -> 2
A12: Education | B12: =COUNTIFS('Representative View'!C2:C11,A12,'Representative View'!H2:H11,"<>Ready - pending manager") -> 1
A13: Meetings | B13: =COUNTIFS('Representative View'!C2:C11,A13,'Representative View'!H2:H11,"<>Ready - pending manager") -> 2

Sheet Formula Checks
A1: Check | B1: Formula_Result | C1: Expected
A2: Scheduled sessions | B2: =COUNTA('Scheduled Sessions'!A2:A10) -> 9 | C2: 9
A3: Conflict flags not clear | B3: =COUNTIF('Scheduled Sessions'!O2:O10,"<>Clear") -> 0 | C3: 0
A4: Unscheduled blocked reps | B4: =COUNTIF('Schedule Exceptions'!F2:F4,"Blocked") -> 1 | C4: 1
