Workbook

Sheet Read_Me
A1: Field | B1: Value
A2: Purpose | B2: Final disposition and evidence register for the July 1-10, 2026 warranty merchandise request closeout.
A3: Authority boundary | B3: Clerks apply supplied rules, prepare permitted responses, and route special-product feasibility; they do not decide policy, credit, legal, claims, product, or financial exceptions.
A4: Closeout date | B4: 2026-07-10
A5: Chart denominator | B5: Cases carrying a final exception_code, including partial standard orders, after resolved substitution review is removed.

Sheet Source_Index
A1: Source_File | B1: Role | C1: Key_Fields
A2: Warranty_Merchandise_Request_Queue_2026-07-10.xlsx | B2: Queue population and message history | C2: case_id, source_corr_id, customer_id
A3: Customer_Entitlement_and_Credit_Master_2026-07-09.xlsx | B3: Customer, entitlement, ship-to, credit | C3: customer_id, account_id, warranty_id
A4: Parts_Catalog_Inventory_Pricing_2026-07-10.xlsx | B4: Catalog, substitution, inventory, price | C4: sku, product_family
A5: Warranty_Merchandise_Request_Rules_Rev_2026-06-28.docx | B5: Eligibility and exception rules | C5: exception_code, response_type_code
A6: Special_Product_Capability_Matrix_2026-Q3.xlsx | B6: Special-product route owners | C6: special_product_code, route_code
A7: Approved_Response_Form_Library_Rev_2026-07.docx | B7: Approved response clauses | C7: response_type_code
A8: Exception_Aging_Handoff_2026-07-10.xlsx | B8: Supervisor handoff and source chart | C8: case_id, exception_code, age_band

Sheet Crosswalk
A1: Case_ID | B1: Source_Corr_ID | C1: Customer_Match | D1: Entitlement_Match | E1: Catalog_Match | F1: Credit_Match | G1: Capability_Match | H1: Source_Precedence
A2: MRQ-2026-0710-001 | B2: NHG-MRQ-2026-07-001 | C2: MATCH | D2: MATCH | E2: MATCH | F2: MATCH | G2: N/A | H2: Substitution resolved before orderability; rules applied after account and catalog joins.
A3: MRQ-2026-0710-002 | B3: NHG-MRQ-2026-07-002 | C3: MATCH | D3: MATCH | E3: MATCH | F3: MATCH | G3: N/A | H3: Substitution resolved before orderability; rules applied after account and catalog joins.
A4: MRQ-2026-0710-003 | B4: NHG-MRQ-2026-07-003 | C4: MATCH | D4: MATCH | E4: MATCH | F4: MATCH | G4: N/A | H4: Substitution resolved before orderability; rules applied after account and catalog joins.
A5: MRQ-2026-0710-004 | B5: NHG-MRQ-2026-07-004 | C5: MATCH | D5: MATCH | E5: MATCH | F5: MATCH | G5: N/A | H5: Substitution resolved before orderability; rules applied after account and catalog joins.
A6: MRQ-2026-0710-005 | B6: NHG-MRQ-2026-07-005 | C6: MATCH | D6: MATCH | E6: MATCH | F6: MATCH | G6: MATCH | H6: Substitution resolved before orderability; rules applied after account and catalog joins.
A7: MRQ-2026-0710-006 | B7: NHG-MRQ-2026-07-006 | C7: MATCH | D7: MATCH | E7: MATCH | F7: MATCH | G7: N/A | H7: Substitution resolved before orderability; rules applied after account and catalog joins.
A8: MRQ-2026-0710-007 | B8: NHG-MRQ-2026-07-007 | C8: MATCH | D8: MATCH | E8: MATCH | F8: MATCH | G8: N/A | H8: Substitution resolved before orderability; rules applied after account and catalog joins.
A9: MRQ-2026-0710-008 | B9: NHG-MRQ-2026-07-008 | C9: MATCH | D9: MATCH | E9: MATCH | F9: MATCH | G9: N/A | H9: Substitution resolved before orderability; rules applied after account and catalog joins.
A10: MRQ-2026-0710-009 | B10: NHG-MRQ-2026-07-009 | C10: MATCH | D10: MATCH | E10: MATCH | F10: MATCH | G10: N/A | H10: Substitution resolved before orderability; rules applied after account and catalog joins.
A11: MRQ-2026-0710-010 | B11: NHG-MRQ-2026-07-010 | C11: MATCH | D11: MATCH | E11: MATCH | F11: MATCH | G11: N/A | H11: Substitution resolved before orderability; rules applied after account and catalog joins.
A12: MRQ-2026-0710-011 | B12: NHG-MRQ-2026-07-011 | C12: MATCH | D12: MATCH | E12: MATCH | F12: MATCH | G12: N/A | H12: Substitution resolved before orderability; rules applied after account and catalog joins.
... A19: MRQ-2026-0710-018 | B19: NHG-MRQ-2026-07-018 | C19: MATCH | D19: MATCH | E19: MATCH | F19: MATCH | G19: MATCH | H19: Substitution resolved before orderability; rules applied after account and catalog joins.

Sheet Eligibility_Calcs
A1: Case_ID | B1: Source_Corr_ID | C1: Received_Date | D1: Customer_ID | E1: Account_ID | F1: Warranty_ID | G1: Requested_SKU | H1: Resolved_SKU | I1: Quantity_Requested | J1: Remaining_Replacement_Allowance | K1: Quantity_Approved_Formula | L1: Coverage_Start_Date | M1: Coverage_End_Date | N1: Entitlement_Status | O1: Covered_Product_Family | P1: Resolved_Product_Family | Q1: Warranty_Active_Formula | R1: Family_Covered_Formula | S1: Proof_Required_Flag | T1: Proof_Status | U1: Address_Status | V1: Credit_Status_Code | W1: Resolved_Standard_Order_Flag | X1: Requested_Discontinued_Flag | Y1: Replacement_SKU | Z1: Special_Product_Flag | AA1: Capability_Status | AB1: Resolved_Atp | AC1: Inventory_Ok_Formula | AD1: Exception_Code_Formula | AE1: Route_Code_Formula | AF1: Response_Type_Formula | AG1: Final_Disposition_Formula | AH1: Line_Value_Formula
A2: MRQ-2026-0710-001 | B2: NHG-MRQ-2026-07-001 | C2: 46204 | D2: CUST-1001 | E2: ACCT-7701 | F2: W-5501 | G2: WH-FLTR-200 | H2: WH-FLTR-200 | I2: 2 | J2: 4 | K2: =IF(AND(N2="Active",C2>=L2,C2<=M2,P2=O2),MIN(I2,J2),0) | L2: 45870 | M2: 46600 | N2: Active | O2: Water Filtration | P2: Water Filtration | Q2: =IF(AND(N2="Active",C2>=L2,C2<=M2),"Y","N") | R2: =IF(P2=O2,"Y","N") | S2: N | T2: Received | U2: Validated | V2: CLEAR | W2: Y | X2: N | Z2: N | AB2: 50 | AC2: =IF(AB2>=K2,"Y","N") | AD2: =IF(Case_Register!J2<>"","DUPLICATE_REQUEST",IF(Requested_Items_Unclear!A2="Y","UNCLEAR_PRODUCT",IF(Q2<>"Y","EXPIRED_ENTITLEMENT",IF(R2<>"Y","FAMILY_NOT_COVERED",IF(AND(S2="Y",T2<>"Received"),"MISSING_PROOF",IF(U2<>"Validated","INVALID_ADDRESS",IF(V2<>"CLEAR","CREDIT_HOLD",IF(Z2="Y",IF(AA2="Blocked","SPECIAL_NONSTARTER","SPECIAL_FEASIBILITY"),IF(AND(X2="Y",Y2=""),"DISCONTINUED_NO_REPLACEMENT",IF(W2<>"Y","DISCONTINUED_NO_REPLACEMENT",IF(K2<I2,"QTY_CAP_PARTIAL",IF(AC2<>"Y","BACKORDER","")))))))))))) | AE2: =IF(AD2="SPECIAL_FEASIBILITY",IF(G2="SP-CUSTOM-PANEL","RTE-CUSTOM-PANEL",IF(G2="SP-ADAPT-KIT","RTE-ENG-ADAPT","")),"") | AF2: =IF(AD2="",IF(Y2<>"","R_STANDARD_SUBSTITUTE","R_STANDARD_ORDER"),VLOOKUP(AD2,Rule_Codes!$A$2:$C$14,3,FALSE())) | AG2: =IF(AD2="",IF(Y2<>"","STANDARD_ORDER_SUBSTITUTE_PREPARED","STANDARD_ORDER_PREPARED"),VLOOKUP(AD2,Rule_Codes!$A$2:$B$14,2,FALSE())) | AH2: =IF(OR(AD2="",AD2="QTY_CAP_PARTIAL"),K2*Price_Map!B2,0)
A3: MRQ-2026-0710-002 | B3: NHG-MRQ-2026-07-002 | C3: 46205 | D3: CUST-1002 | E3: ACCT-7702 | F3: W-5502 | G3: WH-HINGE-510 | H3: WH-HINGE-520 | I3: 1 | J3: 2 | K3: =IF(AND(N3="Active",C3>=L3,C3<=M3,P3=O3),MIN(I3,J3),0) | L3: 45792 | M3: 46522 | N3: Active | O3: Cabinet Hardware | P3: Cabinet Hardware | Q3: =IF(AND(N3="Active",C3>=L3,C3<=M3),"Y","N") | R3: =IF(P3=O3,"Y","N") | S3: N | T3: Received | U3: Validated | V3: CLEAR | W3: Y | X3: Y | Y3: WH-HINGE-520 | Z3: N | AB3: 12 | AC3: =IF(AB3>=K3,"Y","N") | AD3: =IF(Case_Register!J3<>"","DUPLICATE_REQUEST",IF(Requested_Items_Unclear!A3="Y","UNCLEAR_PRODUCT",IF(Q3<>"Y","EXPIRED_ENTITLEMENT",IF(R3<>"Y","FAMILY_NOT_COVERED",IF(AND(S3="Y",T3<>"Received"),"MISSING_PROOF",IF(U3<>"Validated","INVALID_ADDRESS",IF(V3<>"CLEAR","CREDIT_HOLD",IF(Z3="Y",IF(AA3="Blocked","SPECIAL_NONSTARTER","SPECIAL_FEASIBILITY"),IF(AND(X3="Y",Y3=""),"DISCONTINUED_NO_REPLACEMENT",IF(W3<>"Y","DISCONTINUED_NO_REPLACEMENT",IF(K3<I3,"QTY_CAP_PARTIAL",IF(AC3<>"Y","BACKORDER","")))))))))))) | AE3: =IF(AD3="SPECIAL_FEASIBILITY",IF(G3="SP-CUSTOM-PANEL","RTE-CUSTOM-PANEL",IF(G3="SP-ADAPT-KIT","RTE-ENG-ADAPT","")),"") | AF3: =IF(AD3="",IF(Y3<>"","R_STANDARD_SUBSTITUTE","R_STANDARD_ORDER"),VLOOKUP(AD3,Rule_Codes!$A$2:$C$14,3,FALSE())) | AG3: =IF(AD3="",IF(Y3<>"","STANDARD_ORDER_SUBSTITUTE_PREPARED","STANDARD_ORDER_PREPARED"),VLOOKUP(AD3,Rule_Codes!$A$2:$B$14,2,FALSE())) | AH3: =IF(OR(AD3="",AD3="QTY_CAP_PARTIAL"),K3*Price_Map!B3,0)
A4: MRQ-2026-0710-003 | B4: NHG-MRQ-2026-07-003 | C4: 46205 | D4: CUST-1003 | E4: ACCT-7703 | F4: W-5503 | G4: WH-LEG-700 | H4: WH-LEG-700 | I4: 1 | J4: 2 | K4: =IF(AND(N4="Active",C4>=L4,C4<=M4,P4=O4),MIN(I4,J4),0) | L4: 45910 | M4: 46640 | N4: Active | O4: Utility Hardware | P4: Utility Hardware | Q4: =IF(AND(N4="Active",C4>=L4,C4<=M4),"Y","N") | R4: =IF(P4=O4,"Y","N") | S4: N | T4: Received | U4: Validated | V4: CLEAR | W4: Y | X4: N | Z4: N | AB4: 0 | AC4: =IF(AB4>=K4,"Y","N") | AD4: =IF(Case_Register!J4<>"","DUPLICATE_REQUEST",IF(Requested_Items_Unclear!A4="Y","UNCLEAR_PRODUCT",IF(Q4<>"Y","EXPIRED_ENTITLEMENT",IF(R4<>"Y","FAMILY_NOT_COVERED",IF(AND(S4="Y",T4<>"Received"),"MISSING_PROOF",IF(U4<>"Validated","INVALID_ADDRESS",IF(V4<>"CLEAR","CREDIT_HOLD",IF(Z4="Y",IF(AA4="Blocked","SPECIAL_NONSTARTER","SPECIAL_FEASIBILITY"),IF(AND(X4="Y",Y4=""),"DISCONTINUED_NO_REPLACEMENT",IF(W4<>"Y","DISCONTINUED_NO_REPLACEMENT",IF(K4<I4,"QTY_CAP_PARTIAL",IF(AC4<>"Y","BACKORDER","")))))))))))) | AE4: =IF(AD4="SPECIAL_FEASIBILITY",IF(G4="SP-CUSTOM-PANEL","RTE-CUSTOM-PANEL",IF(G4="SP-ADAPT-KIT","RTE-ENG-ADAPT","")),"") | AF4: =IF(AD4="",IF(Y4<>"","R_STANDARD_SUBSTITUTE","R_STANDARD_ORDER"),VLOOKUP(AD4,Rule_Codes!$A$2:$C$14,3,FALSE())) | AG4: =IF(AD4="",IF(Y4<>"","STANDARD_ORDER_SUBSTITUTE_PREPARED","STANDARD_ORDER_PREPARED"),VLOOKUP(AD4,Rule_Codes!$A$2:$B$14,2,FALSE())) | AH4: =IF(OR(AD4="",AD4="QTY_CAP_PARTIAL"),K4*Price_Map!B4,0)
A5: MRQ-2026-0710-004 | B5: NHG-MRQ-2026-07-004 | C5: 46206 | D5: CUST-1004 | E5: ACCT-7704 | F5: W-5504 | G5: WH-KNOB-110 | H5: WH-KNOB-110 | I5: 2 | J5: 2 | K5: =IF(AND(N5="Active",C5>=L5,C5<=M5,P5=O5),MIN(I5,J5),0) | L5: 45444 | M5: 46203 | N5: Expired | O5: Cooking Hardware | P5: Cooking Hardware | Q5: =IF(AND(N5="Active",C5>=L5,C5<=M5),"Y","N") | R5: =IF(P5=O5,"Y","N") | S5: N | T5: Received | U5: Validated | V5: CLEAR | W5: Y | X5: N | Z5: N | AB5: 40 | AC5: =IF(AB5>=K5,"Y","N") | AD5: =IF(Case_Register!J5<>"","DUPLICATE_REQUEST",IF(Requested_Items_Unclear!A5="Y","UNCLEAR_PRODUCT",IF(Q5<>"Y","EXPIRED_ENTITLEMENT",IF(R5<>"Y","FAMILY_NOT_COVERED",IF(AND(S5="Y",T5<>"Received"),"MISSING_PROOF",IF(U5<>"Validated","INVALID_ADDRESS",IF(V5<>"CLEAR","CREDIT_HOLD",IF(Z5="Y",IF(AA5="Blocked","SPECIAL_NONSTARTER","SPECIAL_FEASIBILITY"),IF(AND(X5="Y",Y5=""),"DISCONTINUED_NO_REPLACEMENT",IF(W5<>"Y","DISCONTINUED_NO_REPLACEMENT",IF(K5<I5,"QTY_CAP_PARTIAL",IF(AC5<>"Y","BACKORDER","")))))))))))) | AE5: =IF(AD5="SPECIAL_FEASIBILITY",IF(G5="SP-CUSTOM-PANEL","RTE-CUSTOM-PANEL",IF(G5="SP-ADAPT-KIT","RTE-ENG-ADAPT","")),"") | AF5: =IF(AD5="",IF(Y5<>"","R_STANDARD_SUBSTITUTE","R_STANDARD_ORDER"),VLOOKUP(AD5,Rule_Codes!$A$2:$C$14,3,FALSE())) | AG5: =IF(AD5="",IF(Y5<>"","STANDARD_ORDER_SUBSTITUTE_PREPARED","STANDARD_ORDER_PREPARED"),VLOOKUP(AD5,Rule_Codes!$A$2:$B$14,2,FALSE())) | AH5: =IF(OR(AD5="",AD5="QTY_CAP_PARTIAL"),K5*Price_Map!B5,0)
A6: MRQ-2026-0710-005 | B6: NHG-MRQ-2026-07-005 | C6: 46206 | D6: CUST-1005 | E6: ACCT-7705 | F6: W-5505 | G6: SP-CUSTOM-PANEL | H6: SP-CUSTOM-PANEL | I6: 1 | J6: 1 | K6: =IF(AND(N6="Active",C6>=L6,C6<=M6,P6=O6),MIN(I6,J6),0) | L6: 45839 | M6: 46569 | N6: Active | O6: Custom Panels | P6: Custom Panels | Q6: =IF(AND(N6="Active",C6>=L6,C6<=M6),"Y","N") | R6: =IF(P6=O6,"Y","N") | S6: N | T6: Received | U6: Validated | V6: CLEAR | W6: N | X6: N | Z6: Y | AA6: Open | AB6: 0 | AC6: =IF(AB6>=K6,"Y","N") | AD6: =IF(Case_Register!J6<>"","DUPLICATE_REQUEST",IF(Requested_Items_Unclear!A6="Y","UNCLEAR_PRODUCT",IF(Q6<>"Y","EXPIRED_ENTITLEMENT",IF(R6<>"Y","FAMILY_NOT_COVERED",IF(AND(S6="Y",T6<>"Received"),"MISSING_PROOF",IF(U6<>"Validated","INVALID_ADDRESS",IF(V6<>"CLEAR","CREDIT_HOLD",IF(Z6="Y",IF(AA6="Blocked","SPECIAL_NONSTARTER","SPECIAL_FEASIBILITY"),IF(AND(X6="Y",Y6=""),"DISCONTINUED_NO_REPLACEMENT",IF(W6<>"Y","DISCONTINUED_NO_REPLACEMENT",IF(K6<I6,"QTY_CAP_PARTIAL",IF(AC6<>"Y","BACKORDER","")))))))))))) | AE6: =IF(AD6="SPECIAL_FEASIBILITY",IF(G6="SP-CUSTOM-PANEL","RTE-CUSTOM-PANEL",IF(G6="SP-ADAPT-KIT","RTE-ENG-ADAPT","")),"") | AF6: =IF(AD6="",IF(Y6<>"","R_STANDARD_SUBSTITUTE","R_STANDARD_ORDER"),VLOOKUP(AD6,Rule_Codes!$A$2:$C$14,3,FALSE())) | AG6: =IF(AD6="",IF(Y6<>"","STANDARD_ORDER_SUBSTITUTE_PREPARED","STANDARD_ORDER_PREPARED"),VLOOKUP(AD6,Rule_Codes!$A$2:$B$14,2,FALSE())) | AH6: =IF(OR(AD6="",AD6="QTY_CAP_PARTIAL"),K6*Price_Map!B6,0)
A7: MRQ-2026-0710-006 | B7: NHG-MRQ-2026-07-006 | C7: 46207 | D7: CUST-1006 | E7: ACCT-7706 | F7: W-5506 | G7: WH-SHELF-310 | H7: WH-SHELF-310 | I7: 1 | J7: 2 | K7: =IF(AND(N7="Active",C7>=L7,C7<=M7,P7=O7),MIN(I7,J7),0) | L7: 45981 | M7: 46711 | N7: Active | O7: Refrigeration Storage | P7: Refrigeration Storage | Q7: =IF(AND(N7="Active",C7>=L7,C7<=M7),"Y","N") | R7: =IF(P7=O7,"Y","N") | S7: N | T7: Received | U7: Validated | V7: CH-30 | W7: Y | X7: N | Z7: N | AB7: 18 | AC7: =IF(AB7>=K7,"Y","N") | AD7: =IF(Case_Register!J7<>"","DUPLICATE_REQUEST",IF(Requested_Items_Unclear!A7="Y","UNCLEAR_PRODUCT",IF(Q7<>"Y","EXPIRED_ENTITLEMENT",IF(R7<>"Y","FAMILY_NOT_COVERED",IF(AND(S7="Y",T7<>"Received"),"MISSING_PROOF",IF(U7<>"Validated","INVALID_ADDRESS",IF(V7<>"CLEAR","CREDIT_HOLD",IF(Z7="Y",IF(AA7="Blocked","SPECIAL_NONSTARTER","SPECIAL_FEASIBILITY"),IF(AND(X7="Y",Y7=""),"DISCONTINUED_NO_REPLACEMENT",IF(W7<>"Y","DISCONTINUED_NO_REPLACEMENT",IF(K7<I7,"QTY_CAP_PARTIAL",IF(AC7<>"Y","BACKORDER","")))))))))))) | AE7: =IF(AD7="SPECIAL_FEASIBILITY",IF(G7="SP-CUSTOM-PANEL","RTE-CUSTOM-PANEL",IF(G7="SP-ADAPT-KIT","RTE-ENG-ADAPT","")),"") | AF7: =IF(AD7="",IF(Y7<>"","R_STANDARD_SUBSTITUTE","R_STANDARD_ORDER"),VLOOKUP(AD7,Rule_Codes!$A$2:$C$14,3,FALSE())) | AG7: =IF(AD7="",IF(Y7<>"","STANDARD_ORDER_SUBSTITUTE_PREPARED","STANDARD_ORDER_PREPARED"),VLOOKUP(AD7,Rule_Codes!$A$2:$B$14,2,FALSE())) | AH7: =IF(OR(AD7="",AD7="QTY_CAP_PARTIAL"),K7*Price_Map!B7,0)
A8: MRQ-2026-0710-007 | B8: NHG-MRQ-2026-07-007 | C8: 46208 | D8: CUST-1007 | E8: ACCT-7707 | F8: W-5507 | G8: WH-FLTR-200 | H8: WH-FLTR-200 | I8: 1 | J8: 2 | K8: =IF(AND(N8="Active",C8>=L8,C8<=M8,P8=O8),MIN(I8,J8),0) | L8: 45942 | M8: 46672 | N8: Active | O8: Water Filtration | P8: Water Filtration | Q8: =IF(AND(N8="Active",C8>=L8,C8<=M8),"Y","N") | R8: =IF(P8=O8,"Y","N") | S8: Y | T8: Missing | U8: Validated | V8: CLEAR | W8: Y | X8: N | Z8: N | AB8: 50 | AC8: =IF(AB8>=K8,"Y","N") | AD8: =IF(Case_Register!J8<>"","DUPLICATE_REQUEST",IF(Requested_Items_Unclear!A8="Y","UNCLEAR_PRODUCT",IF(Q8<>"Y","EXPIRED_ENTITLEMENT",IF(R8<>"Y","FAMILY_NOT_COVERED",IF(AND(S8="Y",T8<>"Received"),"MISSING_PROOF",IF(U8<>"Validated","INVALID_ADDRESS",IF(V8<>"CLEAR","CREDIT_HOLD",IF(Z8="Y",IF(AA8="Blocked","SPECIAL_NONSTARTER","SPECIAL_FEASIBILITY"),IF(AND(X8="Y",Y8=""),"DISCONTINUED_NO_REPLACEMENT",IF(W8<>"Y","DISCONTINUED_NO_REPLACEMENT",IF(K8<I8,"QTY_CAP_PARTIAL",IF(AC8<>"Y","BACKORDER","")))))))))))) | AE8: =IF(AD8="SPECIAL_FEASIBILITY",IF(G8="SP-CUSTOM-PANEL","RTE-CUSTOM-PANEL",IF(G8="SP-ADAPT-KIT","RTE-ENG-ADAPT","")),"") | AF8: =IF(AD8="",IF(Y8<>"","R_STANDARD_SUBSTITUTE","R_STANDARD_ORDER"),VLOOKUP(AD8,Rule_Codes!$A$2:$C$14,3,FALSE())) | AG8: =IF(AD8="",IF(Y8<>"","STANDARD_ORDER_SUBSTITUTE_PREPARED","STANDARD_ORDER_PREPARED"),VLOOKUP(AD8,Rule_Codes!$A$2:$B$14,2,FALSE())) | AH8: =IF(OR(AD8="",AD8="QTY_CAP_PARTIAL"),K8*Price_Map!B8,0)
A9: MRQ-2026-0710-008 | B9: NHG-MRQ-2026-07-008 | C9: 46208 | D9: CUST-1008 | E9: ACCT-7708 | F9: W-5508 | G9: WH-GASK-410 | H9: WH-GASK-410 | I9: 1 | J9: 2 | K9: =IF(AND(N9="Active",C9>=L9,C9<=M9,P9=O9),MIN(I9,J9),0) | L9: 45881 | M9: 46611 | N9: Active | O9: Laundry Hardware | P9: Laundry Hardware | Q9: =IF(AND(N9="Active",C9>=L9,C9<=M9),"Y","N") | R9: =IF(P9=O9,"Y","N") | S9: N | T9: Received | U9: Invalid | V9: CLEAR | W9: Y | X9: N | Z9: N | AB9: 7 | AC9: =IF(AB9>=K9,"Y","N") | AD9: =IF(Case_Register!J9<>"","DUPLICATE_REQUEST",IF(Requested_Items_Unclear!A9="Y","UNCLEAR_PRODUCT",IF(Q9<>"Y","EXPIRED_ENTITLEMENT",IF(R9<>"Y","FAMILY_NOT_COVERED",IF(AND(S9="Y",T9<>"Received"),"MISSING_PROOF",IF(U9<>"Validated","INVALID_ADDRESS",IF(V9<>"CLEAR","CREDIT_HOLD",IF(Z9="Y",IF(AA9="Blocked","SPECIAL_NONSTARTER","SPECIAL_FEASIBILITY"),IF(AND(X9="Y",Y9=""),"DISCONTINUED_NO_REPLACEMENT",IF(W9<>"Y","DISCONTINUED_NO_REPLACEMENT",IF(K9<I9,"QTY_CAP_PARTIAL",IF(AC9<>"Y","BACKORDER","")))))))))))) | AE9: =IF(AD9="SPECIAL_FEASIBILITY",IF(G9="SP-CUSTOM-PANEL","RTE-CUSTOM-PANEL",IF(G9="SP-ADAPT-KIT","RTE-ENG-ADAPT","")),"") | AF9: =IF(AD9="",IF(Y9<>"","R_STANDARD_SUBSTITUTE","R_STANDARD_ORDER"),VLOOKUP(AD9,Rule_Codes!$A$2:$C$14,3,FALSE())) | AG9: =IF(AD9="",IF(Y9<>"","STANDARD_ORDER_SUBSTITUTE_PREPARED","STANDARD_ORDER_PREPARED"),VLOOKUP(AD9,Rule_Codes!$A$2:$B$14,2,FALSE())) | AH9: =IF(OR(AD9="",AD9="QTY_CAP_PARTIAL"),K9*Price_Map!B9,0)
A10: MRQ-2026-0710-009 | B10: NHG-MRQ-2026-07-009 | C10: 46209 | D10: CUST-1009 | E10: ACCT-7709 | F10: W-5509 | G10: WH-TRAY-125 | H10: WH-TRAY-125 | I10: 1 | J10: 1 | K10: =IF(AND(N10="Active",C10>=L10,C10<=M10,P10=O10),MIN(I10,J10),0) | L10: 45748 | M10: 46478 | N10: Active | O10: Coffee System Accessories | P10: Coffee System Accessories | Q10: =IF(AND(N10="Active",C10>=L10,C10<=M10),"Y","N") | R10: =IF(P10=O10,"Y","N") | S10: N | T10: Received | U10: Validated | V10: CLEAR | W10: N | X10: Y | Z10: N | AB10: 0 | AC10: =IF(AB10>=K10,"Y","N") | AD10: =IF(Case_Register!J10<>"","DUPLICATE_REQUEST",IF(Requested_Items_Unclear!A10="Y","UNCLEAR_PRODUCT",IF(Q10<>"Y","EXPIRED_ENTITLEMENT",IF(R10<>"Y","FAMILY_NOT_COVERED",IF(AND(S10="Y",T10<>"Received"),"MISSING_PROOF",IF(U10<>"Validated","INVALID_ADDRESS",IF(V10<>"CLEAR","CREDIT_HOLD",IF(Z10="Y",IF(AA10="Blocked","SPECIAL_NONSTARTER","SPECIAL_FEASIBILITY"),IF(AND(X10="Y",Y10=""),"DISCONTINUED_NO_REPLACEMENT",IF(W10<>"Y","DISCONTINUED_NO_REPLACEMENT",IF(K10<I10,"QTY_CAP_PARTIAL",IF(AC10<>"Y","BACKORDER","")))))))))))) | AE10: =IF(AD10="SPECIAL_FEASIBILITY",IF(G10="SP-CUSTOM-PANEL","RTE-CUSTOM-PANEL",IF(G10="SP-ADAPT-KIT","RTE-ENG-ADAPT","")),"") | AF10: =IF(AD10="",IF(Y10<>"","R_STANDARD_SUBSTITUTE","R_STANDARD_ORDER"),VLOOKUP(AD10,Rule_Codes!$A$2:$C$14,3,FALSE())) | AG10: =IF(AD10="",IF(Y10<>"","STANDARD_ORDER_SUBSTITUTE_PREPARED","STANDARD_ORDER_PREPARED"),VLOOKUP(AD10,Rule_Codes!$A$2:$B$14,2,FALSE())) | AH10: =IF(OR(AD10="",AD10="QTY_CAP_PARTIAL"),K10*Price_Map!B10,0)
A11: MRQ-2026-0710-010 | B11: NHG-MRQ-2026-07-010 | C11: 46209 | D11: CUST-1001 | E11: ACCT-7701 | F11: W-5501 | G11: WH-FLTR-200 | H11: WH-FLTR-200 | I11: 2 | J11: 4 | K11: =IF(AND(N11="Active",C11>=L11,C11<=M11,P11=O11),MIN(I11,J11),0) | L11: 45870 | M11: 46600 | N11: Active | O11: Water Filtration | P11: Water Filtration | Q11: =IF(AND(N11="Active",C11>=L11,C11<=M11),"Y","N") | R11: =IF(P11=O11,"Y","N") | S11: N | T11: Received | U11: Validated | V11: CLEAR | W11: Y | X11: N | Z11: N | AB11: 50 | AC11: =IF(AB11>=K11,"Y","N") | AD11: =IF(Case_Register!J11<>"","DUPLICATE_REQUEST",IF(Requested_Items_Unclear!A11="Y","UNCLEAR_PRODUCT",IF(Q11<>"Y","EXPIRED_ENTITLEMENT",IF(R11<>"Y","FAMILY_NOT_COVERED",IF(AND(S11="Y",T11<>"Received"),"MISSING_PROOF",IF(U11<>"Validated","INVALID_ADDRESS",IF(V11<>"CLEAR","CREDIT_HOLD",IF(Z11="Y",IF(AA11="Blocked","SPECIAL_NONSTARTER","SPECIAL_FEASIBILITY"),IF(AND(X11="Y",Y11=""),"DISCONTINUED_NO_REPLACEMENT",IF(W11<>"Y","DISCONTINUED_NO_REPLACEMENT",IF(K11<I11,"QTY_CAP_PARTIAL",IF(AC11<>"Y","BACKORDER","")))))))))))) | AE11: =IF(AD11="SPECIAL_FEASIBILITY",IF(G11="SP-CUSTOM-PANEL","RTE-CUSTOM-PANEL",IF(G11="SP-ADAPT-KIT","RTE-ENG-ADAPT","")),"") | AF11: =IF(AD11="",IF(Y11<>"","R_STANDARD_SUBSTITUTE","R_STANDARD_ORDER"),VLOOKUP(AD11,Rule_Codes!$A$2:$C$14,3,FALSE())) | AG11: =IF(AD11="",IF(Y11<>"","STANDARD_ORDER_SUBSTITUTE_PREPARED","STANDARD_ORDER_PREPARED"),VLOOKUP(AD11,Rule_Codes!$A$2:$B$14,2,FALSE())) | AH11: =IF(OR(AD11="",AD11="QTY_CAP_PARTIAL"),K11*Price_Map!B11,0)
A12: MRQ-2026-0710-011 | B12: NHG-MRQ-2026-07-011 | C12: 46210 | D12: CUST-1010 | E12: ACCT-7710 | F12: W-5510 | G12: WH-KNOB-110 | H12: WH-KNOB-110 | I12: 4 | J12: 6 | K12: =IF(AND(N12="Active",C12>=L12,C12<=M12,P12=O12),MIN(I12,J12),0) | L12: 45718 | M12: 46448 | N12: Active | O12: Cooking Hardware | P12: Cooking Hardware | Q12: =IF(AND(N12="Active",C12>=L12,C12<=M12),"Y","N") | R12: =IF(P12=O12,"Y","N") | S12: N | T12: Received | U12: Validated | V12: CLEAR | W12: Y | X12: N | Z12: N | AB12: 40 | AC12: =IF(AB12>=K12,"Y","N") | AD12: =IF(Case_Register!J12<>"","DUPLICATE_REQUEST",IF(Requested_Items_Unclear!A12="Y","UNCLEAR_PRODUCT",IF(Q12<>"Y","EXPIRED_ENTITLEMENT",IF(R12<>"Y","FAMILY_NOT_COVERED",IF(AND(S12="Y",T12<>"Received"),"MISSING_PROOF",IF(U12<>"Validated","INVALID_ADDRESS",IF(V12<>"CLEAR","CREDIT_HOLD",IF(Z12="Y",IF(AA12="Blocked","SPECIAL_NONSTARTER","SPECIAL_FEASIBILITY"),IF(AND(X12="Y",Y12=""),"DISCONTINUED_NO_REPLACEMENT",IF(W12<>"Y","DISCONTINUED_NO_REPLACEMENT",IF(K12<I12,"QTY_CAP_PARTIAL",IF(AC12<>"Y","BACKORDER","")))))))))))) | AE12: =IF(AD12="SPECIAL_FEASIBILITY",IF(G12="SP-CUSTOM-PANEL","RTE-CUSTOM-PANEL",IF(G12="SP-ADAPT-KIT","RTE-ENG-ADAPT","")),"") | AF12: =IF(AD12="",IF(Y12<>"","R_STANDARD_SUBSTITUTE","R_STANDARD_ORDER"),VLOOKUP(AD12,Rule_Codes!$A$2:$C$14,3,FALSE())) | AG12: =IF(AD12="",IF(Y12<>"","STANDARD_ORDER_SUBSTITUTE_PREPARED","STANDARD_ORDER_PREPARED"),VLOOKUP(AD12,Rule_Codes!$A$2:$B$14,2,FALSE())) | AH12: =IF(OR(AD12="",AD12="QTY_CAP_PARTIAL"),K12*Price_Map!B12,0)
A13: MRQ-2026-0710-012 | B13: NHG-MRQ-2026-07-012 | C13: 46210 | D13: CUST-1011 | E13: ACCT-7711 | F13: W-5511 | G13: WH-SHELF-310 | H13: WH-SHELF-310 | I13: 3 | J13: 1 | K13: =IF(AND(N13="Active",C13>=L13,C13<=M13,P13=O13),MIN(I13,J13),0) | L13: 45992 | M13: 46722 | N13: Active | O13: Refrigeration Storage | P13: Refrigeration Storage | Q13: =IF(AND(N13="Active",C13>=L13,C13<=M13),"Y","N") | R13: =IF(P13=O13,"Y","N") | S13: N | T13: Received | U13: Validated | V13: CLEAR | W13: Y | X13: N | Z13: N | AB13: 18 | AC13: =IF(AB13>=K13,"Y","N") | AD13: =IF(Case_Register!J13<>"","DUPLICATE_REQUEST",IF(Requested_Items_Unclear!A13="Y","UNCLEAR_PRODUCT",IF(Q13<>"Y","EXPIRED_ENTITLEMENT",IF(R13<>"Y","FAMILY_NOT_COVERED",IF(AND(S13="Y",T13<>"Received"),"MISSING_PROOF",IF(U13<>"Validated","INVALID_ADDRESS",IF(V13<>"CLEAR","CREDIT_HOLD",IF(Z13="Y",IF(AA13="Blocked","SPECIAL_NONSTARTER","SPECIAL_FEASIBILITY"),IF(AND(X13="Y",Y13=""),"DISCONTINUED_NO_REPLACEMENT",IF(W13<>"Y","DISCONTINUED_NO_REPLACEMENT",IF(K13<I13,"QTY_CAP_PARTIAL",IF(AC13<>"Y","BACKORDER","")))))))))))) | AE13: =IF(AD13="SPECIAL_FEASIBILITY",IF(G13="SP-CUSTOM-PANEL","RTE-CUSTOM-PANEL",IF(G13="SP-ADAPT-KIT","RTE-ENG-ADAPT","")),"") | AF13: =IF(AD13="",IF(Y13<>"","R_STANDARD_SUBSTITUTE","R_STANDARD_ORDER"),VLOOKUP(AD13,Rule_Codes!$A$2:$C$14,3,FALSE())) | AG13: =IF(AD13="",IF(Y13<>"","STANDARD_ORDER_SUBSTITUTE_PREPARED","STANDARD_ORDER_PREPARED"),VLOOKUP(AD13,Rule_Codes!$A$2:$B$14,2,FALSE())) | AH13: =IF(OR(AD13="",AD13="QTY_CAP_PARTIAL"),K13*Price_Map!B13,0)
A14: MRQ-2026-0710-013 | B14: NHG-MRQ-2026-07-013 | C14: 46211 | D14: CUST-1012 | E14: ACCT-7712 | F14: W-5512 | G14: SP-ADAPT-KIT | H14: SP-ADAPT-KIT | I14: 2 | J14: 2 | K14: =IF(AND(N14="Active",C14>=L14,C14<=M14,P14=O14),MIN(I14,J14),0) | L14: 45708 | M14: 46438 | N14: Active | O14: Adapter Kits | P14: Adapter Kits | Q14: =IF(AND(N14="Active",C14>=L14,C14<=M14),"Y","N") | R14: =IF(P14=O14,"Y","N") | S14: N | T14: Received | U14: Validated | V14: CLEAR | W14: N | X14: N | Z14: Y | AA14: Limited | AB14: 0 | AC14: =IF(AB14>=K14,"Y","N") | AD14: =IF(Case_Register!J14<>"","DUPLICATE_REQUEST",IF(Requested_Items_Unclear!A14="Y","UNCLEAR_PRODUCT",IF(Q14<>"Y","EXPIRED_ENTITLEMENT",IF(R14<>"Y","FAMILY_NOT_COVERED",IF(AND(S14="Y",T14<>"Received"),"MISSING_PROOF",IF(U14<>"Validated","INVALID_ADDRESS",IF(V14<>"CLEAR","CREDIT_HOLD",IF(Z14="Y",IF(AA14="Blocked","SPECIAL_NONSTARTER","SPECIAL_FEASIBILITY"),IF(AND(X14="Y",Y14=""),"DISCONTINUED_NO_REPLACEMENT",IF(W14<>"Y","DISCONTINUED_NO_REPLACEMENT",IF(K14<I14,"QTY_CAP_PARTIAL",IF(AC14<>"Y","BACKORDER","")))))))))))) | AE14: =IF(AD14="SPECIAL_FEASIBILITY",IF(G14="SP-CUSTOM-PANEL","RTE-CUSTOM-PANEL",IF(G14="SP-ADAPT-KIT","RTE-ENG-ADAPT","")),"") | AF14: =IF(AD14="",IF(Y14<>"","R_STANDARD_SUBSTITUTE","R_STANDARD_ORDER"),VLOOKUP(AD14,Rule_Codes!$A$2:$C$14,3,FALSE())) | AG14: =IF(AD14="",IF(Y14<>"","STANDARD_ORDER_SUBSTITUTE_PREPARED","STANDARD_ORDER_PREPARED"),VLOOKUP(AD14,Rule_Codes!$A$2:$B$14,2,FALSE())) | AH14: =IF(OR(AD14="",AD14="QTY_CAP_PARTIAL"),K14*Price_Map!B14,0)
A15: MRQ-2026-0710-014 | B15: NHG-MRQ-2026-07-014 | C15: 46211 | D15: CUST-1013 | E15: ACCT-7713 | F15: W-5513 | I15: 1 | J15: 2 | K15: =IF(AND(N15="Active",C15>=L15,C15<=M15,P15=O15),MIN(I15,J15),0) | L15: 45853 | M15: 46583 | N15: Active | O15: General Hardware | Q15: =IF(AND(N15="Active",C15>=L15,C15<=M15),"Y","N") | R15: =IF(P15=O15,"Y","N") | S15: N | T15: Received | U15: Validated | V15: CLEAR | W15: N | X15: N | Z15: N | AB15: 0 | AC15: =IF(AB15>=K15,"Y","N") | AD15: =IF(Case_Register!J15<>"","DUPLICATE_REQUEST",IF(Requested_Items_Unclear!A15="Y","UNCLEAR_PRODUCT",IF(Q15<>"Y","EXPIRED_ENTITLEMENT",IF(R15<>"Y","FAMILY_NOT_COVERED",IF(AND(S15="Y",T15<>"Received"),"MISSING_PROOF",IF(U15<>"Validated","INVALID_ADDRESS",IF(V15<>"CLEAR","CREDIT_HOLD",IF(Z15="Y",IF(AA15="Blocked","SPECIAL_NONSTARTER","SPECIAL_FEASIBILITY"),IF(AND(X15="Y",Y15=""),"DISCONTINUED_NO_REPLACEMENT",IF(W15<>"Y","DISCONTINUED_NO_REPLACEMENT",IF(K15<I15,"QTY_CAP_PARTIAL",IF(AC15<>"Y","BACKORDER","")))))))))))) | AE15: =IF(AD15="SPECIAL_FEASIBILITY",IF(G15="SP-CUSTOM-PANEL","RTE-CUSTOM-PANEL",IF(G15="SP-ADAPT-KIT","RTE-ENG-ADAPT","")),"") | AF15: =IF(AD15="",IF(Y15<>"","R_STANDARD_SUBSTITUTE","R_STANDARD_ORDER"),VLOOKUP(AD15,Rule_Codes!$A$2:$C$14,3,FALSE())) | AG15: =IF(AD15="",IF(Y15<>"","STANDARD_ORDER_SUBSTITUTE_PREPARED","STANDARD_ORDER_PREPARED"),VLOOKUP(AD15,Rule_Codes!$A$2:$B$14,2,FALSE())) | AH15: =IF(OR(AD15="",AD15="QTY_CAP_PARTIAL"),K15*Price_Map!B15,0)
A16: MRQ-2026-0710-015 | B16: NHG-MRQ-2026-07-015 | C16: 46212 | D16: CUST-1014 | E16: ACCT-7714 | F16: W-5514 | G16: WH-GASK-410 | H16: WH-GASK-410 | I16: 1 | J16: 3 | K16: =IF(AND(N16="Active",C16>=L16,C16<=M16,P16=O16),MIN(I16,J16),0) | L16: 45667 | M16: 46397 | N16: Active | O16: Laundry Hardware | P16: Laundry Hardware | Q16: =IF(AND(N16="Active",C16>=L16,C16<=M16),"Y","N") | R16: =IF(P16=O16,"Y","N") | S16: N | T16: Received | U16: Validated | V16: CLEAR | W16: Y | X16: N | Z16: N | AB16: 7 | AC16: =IF(AB16>=K16,"Y","N") | AD16: =IF(Case_Register!J16<>"","DUPLICATE_REQUEST",IF(Requested_Items_Unclear!A16="Y","UNCLEAR_PRODUCT",IF(Q16<>"Y","EXPIRED_ENTITLEMENT",IF(R16<>"Y","FAMILY_NOT_COVERED",IF(AND(S16="Y",T16<>"Received"),"MISSING_PROOF",IF(U16<>"Validated","INVALID_ADDRESS",IF(V16<>"CLEAR","CREDIT_HOLD",IF(Z16="Y",IF(AA16="Blocked","SPECIAL_NONSTARTER","SPECIAL_FEASIBILITY"),IF(AND(X16="Y",Y16=""),"DISCONTINUED_NO_REPLACEMENT",IF(W16<>"Y","DISCONTINUED_NO_REPLACEMENT",IF(K16<I16,"QTY_CAP_PARTIAL",IF(AC16<>"Y","BACKORDER","")))))))))))) | AE16: =IF(AD16="SPECIAL_FEASIBILITY",IF(G16="SP-CUSTOM-PANEL","RTE-CUSTOM-PANEL",IF(G16="SP-ADAPT-KIT","RTE-ENG-ADAPT","")),"") | AF16: =IF(AD16="",IF(Y16<>"","R_STANDARD_SUBSTITUTE","R_STANDARD_ORDER"),VLOOKUP(AD16,Rule_Codes!$A$2:$C$14,3,FALSE())) | AG16: =IF(AD16="",IF(Y16<>"","STANDARD_ORDER_SUBSTITUTE_PREPARED","STANDARD_ORDER_PREPARED"),VLOOKUP(AD16,Rule_Codes!$A$2:$B$14,2,FALSE())) | AH16: =IF(OR(AD16="",AD16="QTY_CAP_PARTIAL"),K16*Price_Map!B16,0)
A17: MRQ-2026-0710-016 | B17: NHG-MRQ-2026-07-016 | C17: 46212 | D17: CUST-1015 | E17: ACCT-7715 | F17: W-5515 | G17: WH-MOTOR-660 | H17: WH-MOTOR-660 | I17: 1 | J17: 1 | K17: =IF(AND(N17="Active",C17>=L17,C17<=M17,P17=O17),MIN(I17,J17),0) | L17: 45826 | M17: 46556 | N17: Active | O17: Cooking Hardware | P17: Appliance Electrical | Q17: =IF(AND(N17="Active",C17>=L17,C17<=M17),"Y","N") | R17: =IF(P17=O17,"Y","N") | S17: N | T17: Received | U17: Validated | V17: CLEAR | W17: Y | X17: N | Z17: N | AB17: 4 | AC17: =IF(AB17>=K17,"Y","N") | AD17: =IF(Case_Register!J17<>"","DUPLICATE_REQUEST",IF(Requested_Items_Unclear!A17="Y","UNCLEAR_PRODUCT",IF(Q17<>"Y","EXPIRED_ENTITLEMENT",IF(R17<>"Y","FAMILY_NOT_COVERED",IF(AND(S17="Y",T17<>"Received"),"MISSING_PROOF",IF(U17<>"Validated","INVALID_ADDRESS",IF(V17<>"CLEAR","CREDIT_HOLD",IF(Z17="Y",IF(AA17="Blocked","SPECIAL_NONSTARTER","SPECIAL_FEASIBILITY"),IF(AND(X17="Y",Y17=""),"DISCONTINUED_NO_REPLACEMENT",IF(W17<>"Y","DISCONTINUED_NO_REPLACEMENT",IF(K17<I17,"QTY_CAP_PARTIAL",IF(AC17<>"Y","BACKORDER","")))))))))))) | AE17: =IF(AD17="SPECIAL_FEASIBILITY",IF(G17="SP-CUSTOM-PANEL","RTE-CUSTOM-PANEL",IF(G17="SP-ADAPT-KIT","RTE-ENG-ADAPT","")),"") | AF17: =IF(AD17="",IF(Y17<>"","R_STANDARD_SUBSTITUTE","R_STANDARD_ORDER"),VLOOKUP(AD17,Rule_Codes!$A$2:$C$14,3,FALSE())) | AG17: =IF(AD17="",IF(Y17<>"","STANDARD_ORDER_SUBSTITUTE_PREPARED","STANDARD_ORDER_PREPARED"),VLOOKUP(AD17,Rule_Codes!$A$2:$B$14,2,FALSE())) | AH17: =IF(OR(AD17="",AD17="QTY_CAP_PARTIAL"),K17*Price_Map!B17,0)
A18: MRQ-2026-0710-017 | B18: NHG-MRQ-2026-07-017 | C18: 46212 | D18: CUST-1016 | E18: ACCT-7716 | F18: W-5516 | G18: WH-LEG-700 | H18: WH-LEG-700 | I18: 2 | J18: 2 | K18: =IF(AND(N18="Active",C18>=L18,C18<=M18,P18=O18),MIN(I18,J18),0) | L18: 45902 | M18: 46632 | N18: Active | O18: Utility Hardware | P18: Utility Hardware | Q18: =IF(AND(N18="Active",C18>=L18,C18<=M18),"Y","N") | R18: =IF(P18=O18,"Y","N") | S18: N | T18: Received | U18: Validated | V18: CLEAR | W18: Y | X18: N | Z18: N | AB18: 0 | AC18: =IF(AB18>=K18,"Y","N") | AD18: =IF(Case_Register!J18<>"","DUPLICATE_REQUEST",IF(Requested_Items_Unclear!A18="Y","UNCLEAR_PRODUCT",IF(Q18<>"Y","EXPIRED_ENTITLEMENT",IF(R18<>"Y","FAMILY_NOT_COVERED",IF(AND(S18="Y",T18<>"Received"),"MISSING_PROOF",IF(U18<>"Validated","INVALID_ADDRESS",IF(V18<>"CLEAR","CREDIT_HOLD",IF(Z18="Y",IF(AA18="Blocked","SPECIAL_NONSTARTER","SPECIAL_FEASIBILITY"),IF(AND(X18="Y",Y18=""),"DISCONTINUED_NO_REPLACEMENT",IF(W18<>"Y","DISCONTINUED_NO_REPLACEMENT",IF(K18<I18,"QTY_CAP_PARTIAL",IF(AC18<>"Y","BACKORDER","")))))))))))) | AE18: =IF(AD18="SPECIAL_FEASIBILITY",IF(G18="SP-CUSTOM-PANEL","RTE-CUSTOM-PANEL",IF(G18="SP-ADAPT-KIT","RTE-ENG-ADAPT","")),"") | AF18: =IF(AD18="",IF(Y18<>"","R_STANDARD_SUBSTITUTE","R_STANDARD_ORDER"),VLOOKUP(AD18,Rule_Codes!$A$2:$C$14,3,FALSE())) | AG18: =IF(AD18="",IF(Y18<>"","STANDARD_ORDER_SUBSTITUTE_PREPARED","STANDARD_ORDER_PREPARED"),VLOOKUP(AD18,Rule_Codes!$A$2:$B$14,2,FALSE())) | AH18: =IF(OR(AD18="",AD18="QTY_CAP_PARTIAL"),K18*Price_Map!B18,0)
A19: MRQ-2026-0710-018 | B19: NHG-MRQ-2026-07-018 | C19: 46213 | D19: CUST-1017 | E19: ACCT-7717 | F19: W-5517 | G19: SP-FINISH-MATCH | H19: SP-FINISH-MATCH | I19: 1 | J19: 1 | K19: =IF(AND(N19="Active",C19>=L19,C19<=M19,P19=O19),MIN(I19,J19),0) | L19: 45770 | M19: 46500 | N19: Active | O19: Finish Matching | P19: Finish Matching | Q19: =IF(AND(N19="Active",C19>=L19,C19<=M19),"Y","N") | R19: =IF(P19=O19,"Y","N") | S19: N | T19: Received | U19: Validated | V19: CLEAR | W19: N | X19: N | Z19: Y | AA19: Blocked | AB19: 0 | AC19: =IF(AB19>=K19,"Y","N") | AD19: =IF(Case_Register!J19<>"","DUPLICATE_REQUEST",IF(Requested_Items_Unclear!A19="Y","UNCLEAR_PRODUCT",IF(Q19<>"Y","EXPIRED_ENTITLEMENT",IF(R19<>"Y","FAMILY_NOT_COVERED",IF(AND(S19="Y",T19<>"Received"),"MISSING_PROOF",IF(U19<>"Validated","INVALID_ADDRESS",IF(V19<>"CLEAR","CREDIT_HOLD",IF(Z19="Y",IF(AA19="Blocked","SPECIAL_NONSTARTER","SPECIAL_FEASIBILITY"),IF(AND(X19="Y",Y19=""),"DISCONTINUED_NO_REPLACEMENT",IF(W19<>"Y","DISCONTINUED_NO_REPLACEMENT",IF(K19<I19,"QTY_CAP_PARTIAL",IF(AC19<>"Y","BACKORDER","")))))))))))) | AE19: =IF(AD19="SPECIAL_FEASIBILITY",IF(G19="SP-CUSTOM-PANEL","RTE-CUSTOM-PANEL",IF(G19="SP-ADAPT-KIT","RTE-ENG-ADAPT","")),"") | AF19: =IF(AD19="",IF(Y19<>"","R_STANDARD_SUBSTITUTE","R_STANDARD_ORDER"),VLOOKUP(AD19,Rule_Codes!$A$2:$C$14,3,FALSE())) | AG19: =IF(AD19="",IF(Y19<>"","STANDARD_ORDER_SUBSTITUTE_PREPARED","STANDARD_ORDER_PREPARED"),VLOOKUP(AD19,Rule_Codes!$A$2:$B$14,2,FALSE())) | AH19: =IF(OR(AD19="",AD19="QTY_CAP_PARTIAL"),K19*Price_Map!B19,0)

Sheet Requested_Items_Unclear
A1: Unclear_Product_Flag
A2: N
A3: N
A4: N
A5: N
A6: N
A7: N
A8: N
A9: N
A10: N
A11: N
A12: N
... A19: N

Sheet Rule_Codes
A1: Exception_Code | B1: Final_Disposition | C1: Response_Type_Code
A2: QTY_CAP_PARTIAL | B2: PARTIAL_STANDARD_ORDER_PREPARED | C2: R_PARTIAL_STANDARD
A3: BACKORDER | B3: AVAILABILITY_RESPONSE_SENT | C3: R_BACKORDER_NOTICE
A4: EXPIRED_ENTITLEMENT | B4: INELIGIBLE_RESPONSE_SENT | C4: R_INELIGIBLE
A5: SPECIAL_FEASIBILITY | B5: SPECIAL_ROUTE_PREPARED | C5: R_SPECIAL_ACK
A6: CREDIT_HOLD | B6: HELD_CREDIT_RELEASE_REQUIRED | C6: R_CREDIT_HOLD
A7: MISSING_PROOF | B7: HELD_CUSTOMER_PROOF_REQUIRED | C7: R_MISSING_PROOF
A8: INVALID_ADDRESS | B8: HELD_ADDRESS_CORRECTION_REQUIRED | C8: R_ADDRESS_FIX
A9: DISCONTINUED_NO_REPLACEMENT | B9: UNAVAILABLE_RESPONSE_SENT | C9: R_UNAVAILABLE
A10: DUPLICATE_REQUEST | B10: DUPLICATE_CLOSED | C10: R_DUPLICATE
A11: UNCLEAR_PRODUCT | B11: HELD_PRODUCT_CLARIFICATION_REQUIRED | C11: R_CLARIFICATION
A12: FAMILY_NOT_COVERED | B12: INELIGIBLE_RESPONSE_SENT | C12: R_INELIGIBLE
... A14: SUBSTITUTION_REVIEW | B14: RESOLVED_STANDARD_SUBSTITUTE | C14: R_STANDARD_SUBSTITUTE

Sheet Price_Map
A1: Case_ID | B1: Unit_Price
A2: MRQ-2026-0710-001 | B2: 24
A3: MRQ-2026-0710-002 | B3: 14.75
A4: MRQ-2026-0710-003 | B4: 11
A5: MRQ-2026-0710-004 | B5: 9.5
A6: MRQ-2026-0710-005 | B6: 0
A7: MRQ-2026-0710-006 | B7: 32
A8: MRQ-2026-0710-007 | B8: 24
A9: MRQ-2026-0710-008 | B9: 18.25
A10: MRQ-2026-0710-009 | B10: 0
A11: MRQ-2026-0710-010 | B11: 24
A12: MRQ-2026-0710-011 | B12: 9.5
A13: MRQ-2026-0710-012 | B13: 32
... A19: MRQ-2026-0710-018 | B19: 0

Sheet Case_Register
A1: Case_ID | B1: Source_Corr_ID | C1: Customer_ID | D1: Account_ID | E1: Requested_SKU | F1: Resolved_SKU | G1: Quantity_Requested | H1: Quantity_Approved | I1: Owner_ID | J1: Duplicate_Of | K1: Exception_Code | L1: Route_Code | M1: Response_Type_Code | N1: Final_Disposition | O1: Lifecycle_State | P1: Order_Action_Status | Q1: Line_Value | R1: Age_Band | S1: Next_Action_Owner
A2: MRQ-2026-0710-001 | B2: NHG-MRQ-2026-07-001 | C2: CUST-1001 | D2: ACCT-7701 | E2: WH-FLTR-200 | F2: WH-FLTR-200 | G2: 2 | H2: =Eligibility_Calcs!K2 | I2: ALOPEZ | K2: =Eligibility_Calcs!AD2 | L2: =Eligibility_Calcs!AE2 | M2: =Eligibility_Calcs!AF2 | N2: =Eligibility_Calcs!AG2 | O2: Order request prepared | P2: ORDER_REQUEST_PREPARED | Q2: =Eligibility_Calcs!AH2 | R2: 6-10 days | S2: Fulfillment import coordinator
A3: MRQ-2026-0710-002 | B3: NHG-MRQ-2026-07-002 | C3: CUST-1002 | D3: ACCT-7702 | E3: WH-HINGE-510 | F3: WH-HINGE-520 | G3: 1 | H3: =Eligibility_Calcs!K3 | I3: MCHEN | K3: =Eligibility_Calcs!AD3 | L3: =Eligibility_Calcs!AE3 | M3: =Eligibility_Calcs!AF3 | N3: =Eligibility_Calcs!AG3 | O3: Order request prepared | P3: ORDER_REQUEST_PREPARED | Q3: =Eligibility_Calcs!AH3 | R3: 6-10 days | S3: Fulfillment import coordinator
A4: MRQ-2026-0710-003 | B4: NHG-MRQ-2026-07-003 | C4: CUST-1003 | D4: ACCT-7703 | E4: WH-LEG-700 | F4: WH-LEG-700 | G4: 1 | H4: =Eligibility_Calcs!K4 | I4: RPATEL | K4: =Eligibility_Calcs!AD4 | L4: =Eligibility_Calcs!AE4 | M4: =Eligibility_Calcs!AF4 | N4: =Eligibility_Calcs!AG4 | O4: Closed response sent | P4: NOT_IN_IMPORT | Q4: =Eligibility_Calcs!AH4 | R4: 6-10 days | S4: Inventory planning
A5: MRQ-2026-0710-004 | B5: NHG-MRQ-2026-07-004 | C5: CUST-1004 | D5: ACCT-7704 | E5: WH-KNOB-110 | F5: WH-KNOB-110 | G5: 2 | H5: =Eligibility_Calcs!K5 | I5: JPARK | K5: =Eligibility_Calcs!AD5 | L5: =Eligibility_Calcs!AE5 | M5: =Eligibility_Calcs!AF5 | N5: =Eligibility_Calcs!AG5 | O5: Closed response sent | P5: NOT_IN_IMPORT | Q5: =Eligibility_Calcs!AH5 | R5: 6-10 days | S5: Customer
A6: MRQ-2026-0710-005 | B6: NHG-MRQ-2026-07-005 | C6: CUST-1005 | D6: ACCT-7705 | E6: SP-CUSTOM-PANEL | F6: SP-CUSTOM-PANEL | G6: 1 | H6: =Eligibility_Calcs!K6 | I6: ALOPEZ | K6: =Eligibility_Calcs!AD6 | L6: =Eligibility_Calcs!AE6 | M6: =Eligibility_Calcs!AF6 | N6: =Eligibility_Calcs!AG6 | O6: Routed feasibility request | P6: NOT_IN_IMPORT | Q6: =Eligibility_Calcs!AH6 | R6: 6-10 days | S6: Special-product owner
A7: MRQ-2026-0710-006 | B7: NHG-MRQ-2026-07-006 | C7: CUST-1006 | D7: ACCT-7706 | E7: WH-SHELF-310 | F7: WH-SHELF-310 | G7: 1 | H7: =Eligibility_Calcs!K7 | I7: MCHEN | K7: =Eligibility_Calcs!AD7 | L7: =Eligibility_Calcs!AE7 | M7: =Eligibility_Calcs!AF7 | N7: =Eligibility_Calcs!AG7 | O7: Held with customer or account action | P7: NOT_IN_IMPORT | Q7: =Eligibility_Calcs!AH7 | R7: 6-10 days | S7: Credit desk
A8: MRQ-2026-0710-007 | B8: NHG-MRQ-2026-07-007 | C8: CUST-1007 | D8: ACCT-7707 | E8: WH-FLTR-200 | F8: WH-FLTR-200 | G8: 1 | H8: =Eligibility_Calcs!K8 | I8: RPATEL | K8: =Eligibility_Calcs!AD8 | L8: =Eligibility_Calcs!AE8 | M8: =Eligibility_Calcs!AF8 | N8: =Eligibility_Calcs!AG8 | O8: Held with customer or account action | P8: NOT_IN_IMPORT | Q8: =Eligibility_Calcs!AH8 | R8: 3-5 days | S8: Customer
A9: MRQ-2026-0710-008 | B9: NHG-MRQ-2026-07-008 | C9: CUST-1008 | D9: ACCT-7708 | E9: WH-GASK-410 | F9: WH-GASK-410 | G9: 1 | H9: =Eligibility_Calcs!K9 | I9: JPARK | K9: =Eligibility_Calcs!AD9 | L9: =Eligibility_Calcs!AE9 | M9: =Eligibility_Calcs!AF9 | N9: =Eligibility_Calcs!AG9 | O9: Held with customer or account action | P9: NOT_IN_IMPORT | Q9: =Eligibility_Calcs!AH9 | R9: 3-5 days | S9: Customer
A10: MRQ-2026-0710-009 | B10: NHG-MRQ-2026-07-009 | C10: CUST-1009 | D10: ACCT-7709 | E10: WH-TRAY-125 | F10: WH-TRAY-125 | G10: 1 | H10: =Eligibility_Calcs!K10 | I10: ALOPEZ | K10: =Eligibility_Calcs!AD10 | L10: =Eligibility_Calcs!AE10 | M10: =Eligibility_Calcs!AF10 | N10: =Eligibility_Calcs!AG10 | O10: Closed response sent | P10: NOT_IN_IMPORT | Q10: =Eligibility_Calcs!AH10 | R10: 3-5 days | S10: Customer
A11: MRQ-2026-0710-010 | B11: NHG-MRQ-2026-07-010 | C11: CUST-1001 | D11: ACCT-7701 | E11: WH-FLTR-200 | F11: WH-FLTR-200 | G11: 2 | H11: =Eligibility_Calcs!K11 | I11: MCHEN | J11: MRQ-2026-0710-001 | K11: =Eligibility_Calcs!AD11 | L11: =Eligibility_Calcs!AE11 | M11: =Eligibility_Calcs!AF11 | N11: =Eligibility_Calcs!AG11 | O11: Closed response sent | P11: NOT_IN_IMPORT | Q11: =Eligibility_Calcs!AH11 | R11: 3-5 days | S11: Customer
A12: MRQ-2026-0710-011 | B12: NHG-MRQ-2026-07-011 | C12: CUST-1010 | D12: ACCT-7710 | E12: WH-KNOB-110 | F12: WH-KNOB-110 | G12: 4 | H12: =Eligibility_Calcs!K12 | I12: RPATEL | K12: =Eligibility_Calcs!AD12 | L12: =Eligibility_Calcs!AE12 | M12: =Eligibility_Calcs!AF12 | N12: =Eligibility_Calcs!AG12 | O12: Order request prepared | P12: ORDER_REQUEST_PREPARED | Q12: =Eligibility_Calcs!AH12 | R12: 3-5 days | S12: Fulfillment import coordinator
A13: MRQ-2026-0710-012 | B13: NHG-MRQ-2026-07-012 | C13: CUST-1011 | D13: ACCT-7711 | E13: WH-SHELF-310 | F13: WH-SHELF-310 | G13: 3 | H13: =Eligibility_Calcs!K13 | I13: JPARK | K13: =Eligibility_Calcs!AD13 | L13: =Eligibility_Calcs!AE13 | M13: =Eligibility_Calcs!AF13 | N13: =Eligibility_Calcs!AG13 | O13: Order request prepared | P13: ORDER_REQUEST_PREPARED | Q13: =Eligibility_Calcs!AH13 | R13: 3-5 days | S13: Fulfillment import coordinator
A14: MRQ-2026-0710-013 | B14: NHG-MRQ-2026-07-013 | C14: CUST-1012 | D14: ACCT-7712 | E14: SP-ADAPT-KIT | F14: SP-ADAPT-KIT | G14: 2 | H14: =Eligibility_Calcs!K14 | I14: ALOPEZ | K14: =Eligibility_Calcs!AD14 | L14: =Eligibility_Calcs!AE14 | M14: =Eligibility_Calcs!AF14 | N14: =Eligibility_Calcs!AG14 | O14: Routed feasibility request | P14: NOT_IN_IMPORT | Q14: =Eligibility_Calcs!AH14 | R14: 0-2 days | S14: Special-product owner
A15: MRQ-2026-0710-014 | B15: NHG-MRQ-2026-07-014 | C15: CUST-1013 | D15: ACCT-7713 | G15: 1 | H15: =Eligibility_Calcs!K15 | I15: MCHEN | K15: =Eligibility_Calcs!AD15 | L15: =Eligibility_Calcs!AE15 | M15: =Eligibility_Calcs!AF15 | N15: =Eligibility_Calcs!AG15 | O15: Held with customer or account action | P15: NOT_IN_IMPORT | Q15: =Eligibility_Calcs!AH15 | R15: 0-2 days | S15: Customer
A16: MRQ-2026-0710-015 | B16: NHG-MRQ-2026-07-015 | C16: CUST-1014 | D16: ACCT-7714 | E16: WH-GASK-410 | F16: WH-GASK-410 | G16: 1 | H16: =Eligibility_Calcs!K16 | I16: RPATEL | K16: =Eligibility_Calcs!AD16 | L16: =Eligibility_Calcs!AE16 | M16: =Eligibility_Calcs!AF16 | N16: =Eligibility_Calcs!AG16 | O16: Order request prepared | P16: ORDER_REQUEST_PREPARED | Q16: =Eligibility_Calcs!AH16 | R16: 0-2 days | S16: Fulfillment import coordinator
A17: MRQ-2026-0710-016 | B17: NHG-MRQ-2026-07-016 | C17: CUST-1015 | D17: ACCT-7715 | E17: WH-MOTOR-660 | F17: WH-MOTOR-660 | G17: 1 | H17: =Eligibility_Calcs!K17 | I17: JPARK | K17: =Eligibility_Calcs!AD17 | L17: =Eligibility_Calcs!AE17 | M17: =Eligibility_Calcs!AF17 | N17: =Eligibility_Calcs!AG17 | O17: Closed response sent | P17: NOT_IN_IMPORT | Q17: =Eligibility_Calcs!AH17 | R17: 0-2 days | S17: Customer
A18: MRQ-2026-0710-017 | B18: NHG-MRQ-2026-07-017 | C18: CUST-1016 | D18: ACCT-7716 | E18: WH-LEG-700 | F18: WH-LEG-700 | G18: 2 | H18: =Eligibility_Calcs!K18 | I18: ALOPEZ | K18: =Eligibility_Calcs!AD18 | L18: =Eligibility_Calcs!AE18 | M18: =Eligibility_Calcs!AF18 | N18: =Eligibility_Calcs!AG18 | O18: Closed response sent | P18: NOT_IN_IMPORT | Q18: =Eligibility_Calcs!AH18 | R18: 0-2 days | S18: Inventory planning
A19: MRQ-2026-0710-018 | B19: NHG-MRQ-2026-07-018 | C19: CUST-1017 | D19: ACCT-7717 | E19: SP-FINISH-MATCH | F19: SP-FINISH-MATCH | G19: 1 | H19: =Eligibility_Calcs!K19 | I19: MCHEN | K19: =Eligibility_Calcs!AD19 | L19: =Eligibility_Calcs!AE19 | M19: =Eligibility_Calcs!AF19 | N19: =Eligibility_Calcs!AG19 | O19: Closed response sent | P19: NOT_IN_IMPORT | Q19: =Eligibility_Calcs!AH19 | R19: 0-2 days | S19: Customer

Sheet Standard_Order_Candidates
A1: Case_ID | B1: Source_Corr_ID | C1: Resolved_SKU | D1: Quantity_Approved | E1: Line_Value | F1: Status
A2: MRQ-2026-0710-001 | B2: NHG-MRQ-2026-07-001 | C2: WH-FLTR-200 | D2: 2 | E2: 48 | F2: ORDER_REQUEST_PREPARED
A3: MRQ-2026-0710-002 | B3: NHG-MRQ-2026-07-002 | C3: WH-HINGE-520 | D3: 1 | E3: 14.75 | F3: ORDER_REQUEST_PREPARED
A4: MRQ-2026-0710-011 | B4: NHG-MRQ-2026-07-011 | C4: WH-KNOB-110 | D4: 4 | E4: 38 | F4: ORDER_REQUEST_PREPARED
A5: MRQ-2026-0710-012 | B5: NHG-MRQ-2026-07-012 | C5: WH-SHELF-310 | D5: 1 | E5: 32 | F5: ORDER_REQUEST_PREPARED
A6: MRQ-2026-0710-015 | B6: NHG-MRQ-2026-07-015 | C6: WH-GASK-410 | D6: 1 | E6: 18.25 | F6: ORDER_REQUEST_PREPARED

Sheet Special_Routes
A1: Case_ID | B1: Source_Corr_ID | C1: Route_Code | D1: Owner_Queue | E1: Customer_Deadline | F1: Route_Status
A2: MRQ-2026-0710-005 | B2: NHG-MRQ-2026-07-005 | C2: RTE-CUSTOM-PANEL | D2: Product Config Team | E2: 46228 | F2: Referral prepared
A3: MRQ-2026-0710-013 | B3: NHG-MRQ-2026-07-013 | C3: RTE-ENG-ADAPT | D3: Service Engineering Intake | E3: 46231 | F3: Referral prepared

Sheet Response_Tracking
A1: Case_ID | B1: Source_Corr_ID | C1: Response_Type_Code | D1: Response_Date | E1: Signer | F1: Distribution_Record | G1: Reviewer
A2: MRQ-2026-0710-001 | B2: NHG-MRQ-2026-07-001 | C2: R_STANDARD_ORDER | D2: 46213 | E2: Priya Nair | F2: customer_response_letters.docx | G2: Priya Nair
A3: MRQ-2026-0710-002 | B3: NHG-MRQ-2026-07-002 | C3: R_STANDARD_SUBSTITUTE | D3: 46213 | E3: Priya Nair | F3: customer_response_letters.docx | G3: Priya Nair
A4: MRQ-2026-0710-003 | B4: NHG-MRQ-2026-07-003 | C4: R_BACKORDER_NOTICE | D4: 46213 | E4: Priya Nair | F4: customer_response_letters.docx | G4: Priya Nair
A5: MRQ-2026-0710-004 | B5: NHG-MRQ-2026-07-004 | C5: R_INELIGIBLE | D5: 46213 | E5: Priya Nair | F5: customer_response_letters.docx | G5: Priya Nair
A6: MRQ-2026-0710-005 | B6: NHG-MRQ-2026-07-005 | C6: R_SPECIAL_ACK | D6: 46213 | E6: Priya Nair | F6: customer_response_letters.docx | G6: Priya Nair
A7: MRQ-2026-0710-006 | B7: NHG-MRQ-2026-07-006 | C7: R_CREDIT_HOLD | D7: 46213 | E7: Priya Nair | F7: customer_response_letters.docx | G7: Priya Nair
A8: MRQ-2026-0710-007 | B8: NHG-MRQ-2026-07-007 | C8: R_MISSING_PROOF | D8: 46213 | E8: Priya Nair | F8: customer_response_letters.docx | G8: Priya Nair
A9: MRQ-2026-0710-008 | B9: NHG-MRQ-2026-07-008 | C9: R_ADDRESS_FIX | D9: 46213 | E9: Priya Nair | F9: customer_response_letters.docx | G9: Priya Nair
A10: MRQ-2026-0710-009 | B10: NHG-MRQ-2026-07-009 | C10: R_UNAVAILABLE | D10: 46213 | E10: Priya Nair | F10: customer_response_letters.docx | G10: Priya Nair
A11: MRQ-2026-0710-010 | B11: NHG-MRQ-2026-07-010 | C11: R_DUPLICATE | D11: 46213 | E11: Priya Nair | F11: customer_response_letters.docx | G11: Priya Nair
A12: MRQ-2026-0710-011 | B12: NHG-MRQ-2026-07-011 | C12: R_STANDARD_ORDER | D12: 46213 | E12: Priya Nair | F12: customer_response_letters.docx | G12: Priya Nair
A13: MRQ-2026-0710-012 | B13: NHG-MRQ-2026-07-012 | C13: R_PARTIAL_STANDARD | D13: 46213 | E13: Priya Nair | F13: customer_response_letters.docx | G13: Priya Nair
... A19: MRQ-2026-0710-018 | B19: NHG-MRQ-2026-07-018 | C19: R_SPECIAL_UNAVAILABLE | D19: 46213 | E19: Priya Nair | F19: customer_response_letters.docx | G19: Priya Nair

Sheet Exception_Dashboard
A1: Exception_Code | B1: 0-2 Days | C1: 3-5 Days | D1: 6-10 Days | E1: Chart_Label
A2: BACKORDER | B2: 1 | C2: 0 | D2: 1 | E2: Backorder
A3: CREDIT_HOLD | B3: 0 | C3: 0 | D3: 1 | E3: Credit hold
A4: DISCONTINUED_NO_REPLACEMENT | B4: 0 | C4: 1 | D4: 0 | E4: Discontinued
A5: DUPLICATE_REQUEST | B5: 0 | C5: 1 | D5: 0 | E5: Duplicate
A6: EXPIRED_ENTITLEMENT | B6: 0 | C6: 0 | D6: 1 | E6: Expired entitlement
A7: FAMILY_NOT_COVERED | B7: 1 | C7: 0 | D7: 0 | E7: Family not covered
A8: INVALID_ADDRESS | B8: 0 | C8: 1 | D8: 0 | E8: Invalid address
A9: MISSING_PROOF | B9: 0 | C9: 1 | D9: 0 | E9: Missing proof
A10: QTY_CAP_PARTIAL | B10: 0 | C10: 1 | D10: 0 | E10: Qty cap partial
A11: SPECIAL_FEASIBILITY | B11: 1 | C11: 0 | D11: 1 | E11: Special feasibility
A12: SPECIAL_NONSTARTER | B12: 1 | C12: 0 | D12: 0 | E12: Special nonstarter
A13: UNCLEAR_PRODUCT | B13: 1 | C13: 0 | D13: 0 | E13: Unclear product
A18: Final chart denominator | B18: =SUM(B2:D13) | C18: 14 | D18: =IF(B18=C18,"PASS","CHECK")

Sheet Checks
A1: Check_Name | B1: Actual | C1: Expected | D1: Status
A2: Source case count | B2: =COUNTA(Case_Register!A2:A19) | C2: 18 | D2: =IF(B2=C2,"PASS","CHECK")
A3: One disposition per case | B3: =COUNTBLANK(Case_Register!N2:N19) | C3: 0 | D3: =IF(B3=C3,"PASS","CHECK")
A4: Import prepared row count | B4: =COUNTIF(Case_Register!P2:P19,"ORDER_REQUEST_PREPARED") | C4: 5 | D4: =IF(B4=C4,"PASS","CHECK")
A5: Import prepared quantity | B5: =SUMIF(Case_Register!P2:P19,"ORDER_REQUEST_PREPARED",Case_Register!H2:H19) | C5: 9 | D5: =IF(B5=C5,"PASS","CHECK")
A6: Exception denominator | B6: =SUMPRODUCT(--(LEN(Case_Register!K2:K19)>0)) | C6: 14 | D6: =IF(B6=C6,"PASS","CHECK")
A7: Response rows | B7: =COUNTA(Response_Tracking!A2:A19) | C7: 18 | D7: =IF(B7=C7,"PASS","CHECK")
A8: Special routes | B8: =COUNTIF(Case_Register!K2:K19,"SPECIAL_FEASIBILITY") | C8: 2 | D8: =IF(B8=C8,"PASS","CHECK")
