Workbook

Sheet Instructions
A1: Medication reconciliation action register
A3: Field | B3: Value
A4: Case | B4: CT-2026-0713-18 / Mara Ellison
A5: Purpose | B5: Operational reconciliation of all retained medication identities into KEEP, CHANGE, STOP, or CLARIFY dispositions.
A6: Authoring role or department | B6: Outpatient Pharmacy Operations
A7: Reporting period or effective date | B7: Effective 2026-07-15 for CT-2026-0713-18
A8: Revision / document status | B8: Revision 1.0; Final
A9: Keywords | B9: medication reconciliation; action register; care transition
A10: Scope | B10: Rows cover medication identities for the index care transition only; the same-batch CT-2026-0713-19 pharmacy row is excluded.
A11: Authority basis | B11: Final signed transition summary, later prescriber clarification, active allergy verification, and approved formulary reference control over preliminary queue rows and stale source lists.
A12: Use | B12: Filter Action_Register by action/risk/owner. Formula_Checks and Risk_Matrix recalculate from the register rows.

Sheet Action_Register
A1: Medication_ID | B1: Resolved_Medication | C1: Action | D1: Risk_Tier | E1: Source_Presence | F1: Admission_Label | G1: Portal_Label | H1: Pharmacy_Label | I1: Discharge_Line_ID | J1: Governing_Evidence | K1: Issue_Class | L1: Rationale | M1: Owner | N1: Due_Date | O1: Escalation_Status | P1: Follow_Up_Question
A2: MED-001 | B2: apixaban 5 mg tablet | C2: KEEP | D2: HIGH | E2: Admission, Pharmacy, Final summary, Queue/clarification | F2: Eliquis 5 mg tablet | H2: apixaban 5 mg tablet | I2: DCS-MED-001 | J2: DCS-MED-001; RCQ-7714 | K2: disputed authority | L2: Final transition summary continues apixaban and supersedes the preliminary warfarin queue row. | M2: Pharmacist | N2: 46218 | O2: Same-day pharmacist review
A3: MED-002 | B3: warfarin 5 mg tablet | C3: STOP | D3: HIGH | E3: Admission, Patient, Pharmacy, Final summary, Queue/clarification | F3: warfarin 5 mg tablet | G3: warfarin 5 mg once every evening | H3: warfarin sodium 5 mg tablet | I3: DCS-STOP-001 | J3: DCS-STOP-001; RCQ-7714 | K3: disputed authority | L3: Final transition summary stops warfarin; preliminary queue action is non-authoritative. | M3: Pharmacist | N3: 46218 | O3: Same-day pharmacist review | P3: Cancel/close preliminary warfarin keep row and confirm patient counseling on stopped bottle.
A4: MED-003 | B4: metoprolol tartrate 50 mg tablet | C4: STOP | D4: MED | E4: Admission, Patient, Pharmacy, Final summary | F4: metoprolol tartrate 50 mg tablet | G4: metoprolol tartrate 50 mg morning and bedtime; Lopressor 50 mg twice daily | H4: metoprolol tartrate 50 mg tablet | I4: DCS-STOP-002 | J4: DCS-STOP-002; DCS-MED-002; PTL-0713-003A/PTL-0713-003B | K4: duplicate; timing/reversal or correction | L4: Final transition summary changes therapy to metoprolol succinate ER; portal duplicate should not create a second medication identity. | M4: Pharmacist | N4: 46218 | O4: Profile/counsel stop
A5: MED-004 | B5: metoprolol succinate ER 100 mg tablet | C5: CHANGE | D5: MED | E5: Final summary | I5: DCS-MED-002 | J5: DCS-MED-002; FG-SUB-EXCL-02 | K5: deficit or shortfall; timing/reversal or correction | L5: Final transition summary starts the extended-release product and it is not a formulary duplicate of metoprolol tartrate. | M5: Pharmacist | N5: 46218 | O5: Verify changed order before fill
A6: MED-005 | B6: lisinopril 20 mg tablet | C6: STOP | D6: HIGH | E6: Admission, Pharmacy, Final summary, Allergy | F6: lisinopril 20 mg tablet | H6: lisinopril 20 mg tablet | I6: DCS-STOP-003 | J6: ALG-ACEI-20260712; DCS-STOP-003; RXH-0714-005 | K6: allergy conflict; stale snapshot | L6: Active allergy update and final transition summary stop lisinopril; pharmacy ready-fill is stale. | M6: Pharmacist | N6: 46218 | O6: Same-day pharmacist review | P6: Cancel ready-to-fill lisinopril row and document active allergy conflict.
A7: MED-006 | B7: losartan 50 mg tablet | C7: CHANGE | D7: MED | E7: Final summary, Allergy | I7: DCS-MED-003 | J7: DCS-MED-003; ALG-ACEI-20260712 | K7: deficit or shortfall | L7: Final transition summary starts losartan after lisinopril stop; this is a new discharge item absent from home lists. | M7: Pharmacist | N7: 46218 | O7: Verify changed order before fill
A8: MED-007 | B8: insulin glargine-yfgn U-100 pen | C8: CHANGE | D8: HIGH | E8: Admission, Patient, Pharmacy, Final summary | F8: Lantus SoloStar U-100 insulin pen | G8: Lantus insulin pen 28 units every night | H8: Basaglar KwikPen U-100 | I8: DCS-MED-004 | J8: DCS-MED-004; FG-SUB-001 | K8: substitution; dose change | L8: Approved insulin glargine product substitution applies, but the discharge dose changes to 30 units nightly. | M8: Pharmacist | N8: 46218 | O8: Same-day pharmacist review
A9: MED-009 | B9: insulin lispro U-100 pen | C9: KEEP | D9: HIGH | E9: Admission, Patient, Pharmacy, Final summary | F9: Humalog KwikPen U-100 | G9: Humalog 6 units with meals | H9: insulin lispro U-100 pen | I9: DCS-MED-005 | J9: DCS-MED-005; RXH-0714-009 | K9: routine control | L9: Final transition summary continues the current rapid-acting insulin. | M9: Pharmacist | N9: 46218 | O9: Same-day pharmacist review
A10: MED-010 | B10: metformin ER 500 mg tablet | C10: STOP | D10: LOW | E10: Admission, Patient, Pharmacy, Final summary | F10: metformin ER 500 mg tablet | G10: metformin ER 500 mg twice a day | H10: metformin ER 500 mg tablet | I10: DCS-STOP-004 | J10: DCS-STOP-004 | K10: routine control | L10: Final transition summary stops metformin ER; home and pharmacy rows are stale for discharge. | M10: Pharmacist | N10: 46219 | O10: Profile/counsel stop
A11: MED-011 | B11: furosemide 40 mg tablet | C11: CHANGE | D11: MED | E11: Admission, Patient, Pharmacy, Final summary | F11: furosemide 20 mg tablet | G11: water pill - furosemide 20 mg every morning | H11: furosemide 20 mg tablet | I11: DCS-MED-006 | J11: DCS-MED-006 | K11: dose change | L11: Final transition summary changes dose from 20 mg to 40 mg daily. | M11: Pharmacist | N11: 46218 | O11: Verify changed order before fill
A12: MED-012 | B12: potassium chloride ER 20 mEq tablet | C12: KEEP | D12: MED | E12: Admission, Patient, Pharmacy, Final summary, Queue/clarification | F12: potassium chloride ER 20 mEq tablet | G12: Klor-Con M20 20 mEq daily | H12: Klor-Con M20 tablet | I12: DCS-MED-007 | J12: DCS-MED-007; EML-20260714-1510; FG-SUB-004 | K12: timing/reversal or correction; substitution | L12: Later prescriber clarification confirms continuation after the lab result; Klor-Con M20 is the same product family. | M12: Pharmacist | N12: 46218 | O12: Ready if evidence aligns | P12: Fill/continue KCl after 2026-07-14 15:10 clarification.
A13: MED-013 | B13: spironolactone 25 mg tablet | C13: CLARIFY | D13: MED | E13: Admission, Patient, Pharmacy, Queue/clarification | F13: spironolactone 25 mg tablet | G13: spironolactone 25 mg every morning | H13: spironolactone 25 mg tablet | J13: RXH-0714-013; EML-20260714-1510 | K13: missing evidence | L13: Active pharmacy and patient rows exist, but the final transition summary does not address it and email leaves it for cardiology confirmation. | M13: Prescriber / Cardiology | N13: 46218 | O13: Open clarification | P13: Ask cardiology whether active spironolactone profile should continue.
A14: MED-014 | B14: aspirin 81 mg EC tablet | C14: STOP | D14: MED | E14: Admission, Patient, Final summary | F14: aspirin EC 81 mg tablet | G14: baby aspirin 81 mg daily | I14: DCS-STOP-005 | J14: DCS-STOP-005 | K14: routine control | L14: Final transition summary stops aspirin. | M14: Pharmacist | N14: 46218 | O14: Profile/counsel stop
A15: MED-015 | B15: clopidogrel 75 mg tablet | C15: STOP | D15: MED | E15: Pharmacy, Final summary | H15: clopidogrel 75 mg tablet | I15: DCS-STOP-006 | J15: DCS-STOP-006; RXH-0714-015 | K15: surplus or overage | L15: Pharmacy profile is active, but final transition summary stops clopidogrel. | M15: Pharmacist | N15: 46218 | O15: Profile/counsel stop | P15: Close active pharmacy profile after final stop instruction.
A16: MED-016 | B16: albuterol HFA inhaler | C16: KEEP | D16: LOW | E16: Admission, Patient, Pharmacy, Final summary | F16: albuterol HFA 90 mcg inhaler | G16: Ventolin rescue inhaler 90 mcg 2 puffs when wheezy | H16: ProAir HFA 90 mcg inhaler | I16: DCS-MED-008 | J16: DCS-MED-008; FG-SUB-003 | K16: substitution | L16: Approved HFA product substitution collapses patient and pharmacy brand variants. | M16: Pharmacist | N16: 46219 | O16: Ready if evidence aligns
A17: MED-017 | B17: fluticasone-salmeterol 250/50 Diskus | C17: KEEP | D17: LOW | E17: Admission, Patient, Pharmacy, Final summary | F17: Advair Diskus 250/50 | G17: Advair 250/50 1 puff morning and night | H17: fluticasone-salmeterol 250/50 Diskus | I17: DCS-MED-009 | J17: DCS-MED-009 | K17: routine control | L17: Final transition summary continues the maintenance inhaler. | M17: Pharmacist | N17: 46219 | O17: Ready if evidence aligns
A18: MED-018 | B18: prednisone 10 mg tablet taper | C18: STOP | D18: MED | E18: Admission, Patient, Pharmacy, Final summary | F18: prednisone 10 mg tablet | G18: prednisone 10 mg not sure | H18: prednisone 10 mg tablet | I18: DCS-STOP-007 | J18: DCS-STOP-007 | K18: surplus or overage | L18: Final transition summary stops the old taper; patient list was not updated after completion. | M18: Pharmacist | N18: 46219 | O18: Profile/counsel stop
A19: MED-020 | B19: amoxicillin-clavulanate 875/125 mg tablet | C19: STOP | D19: HIGH | E19: Admission, Pharmacy, Final summary, Allergy | F19: amoxicillin-clavulanate 875/125 mg tablet | H19: amoxicillin-clavulanate 875/125 mg tablet | I19: DCS-STOP-008 | J19: ALG-PCN-20240703; DCS-STOP-008 | K19: allergy conflict | L19: Active penicillin allergy and final transition summary stop the antibiotic. | M19: Pharmacist | N19: 46218 | O19: Same-day pharmacist review | P19: Close antibiotic profile against active penicillin allergy and final stop instruction.
A20: MED-021 | B20: naproxen 500 mg tablet | C20: STOP | D20: HIGH | E20: Admission, Patient, Final summary, Allergy | F20: naproxen 500 mg tablet | G20: naproxen 500 mg when joints hurt | I20: DCS-STOP-009 | J20: ALG-NSAID-20260218; DCS-STOP-009 | K20: allergy conflict | L20: Active NSAID allergy and final transition summary stop naproxen. | M20: Pharmacist | N20: 46218 | O20: Same-day pharmacist review | P20: Document NSAID allergy stop and remove patient-supply continuation.
A21: MED-022 | B21: acetaminophen 500 mg tablet | C21: KEEP | D21: LOW | E21: Admission, Patient, Final summary | F21: acetaminophen 500 mg tablet | G21: Tylenol 500 mg 2 tablets when needed | I21: DCS-MED-010 | J21: DCS-MED-010 | K21: routine control | L21: Final transition summary continues acetaminophen as needed. | M21: Pharmacist | N21: 46219 | O21: Ready if evidence aligns
A22: MED-023 | B22: omeprazole 20 mg capsule | C22: CHANGE | D22: LOW | E22: Admission, Patient, Pharmacy, Final summary, Queue/clarification | F22: omeprazole 20 mg capsule | G22: omeprazole 20 mg daily before breakfast | H22: omeprazole 20 mg capsule | I22: DCS-MED-011 | J22: DCS-MED-011; FG-SUB-002; EML-20260714-1142 | K22: substitution; disputed authority | L22: Approved guide converts inpatient pantoprazole to outpatient omeprazole; draft rabeprazole note is not approved. | M22: Pharmacist | N22: 46219 | O22: Verify changed order before fill | P22: Dispense approved outpatient omeprazole substitution, not draft rabeprazole.
A23: MED-024 | B23: atorvastatin 40 mg tablet | C23: STOP | D23: LOW | E23: Admission, Patient, Pharmacy, Final summary | F23: atorvastatin 40 mg tablet | G23: atorvastatin 40 mg nightly | H23: atorvastatin 40 mg tablet | I23: DCS-STOP-010 | J23: DCS-STOP-010; FG-SUB-EXCL-01 | K23: non-substitution decoy | L23: Final transition summary stops atorvastatin; rosuvastatin is a separate discharge start, not a class-level substitution. | M23: Pharmacist | N23: 46219 | O23: Profile/counsel stop
A24: MED-025 | B24: rosuvastatin 20 mg tablet | C24: CHANGE | D24: LOW | E24: Final summary | I24: DCS-MED-012 | J24: DCS-MED-012; FG-SUB-EXCL-01 | K24: deficit or shortfall; non-substitution decoy | L24: Final transition summary starts rosuvastatin as a separate medication identity from atorvastatin. | M24: Pharmacist | N24: 46219 | O24: Verify changed order before fill
A25: MED-026 | B25: levothyroxine 75 mcg tablet | C25: KEEP | D25: LOW | E25: Admission, Patient, Pharmacy, Final summary | F25: levothyroxine 75 mcg tablet | G25: levothyroxine 75 mcg early morning | H25: levothyroxine 75 mcg tablet | I25: DCS-MED-013 | J25: DCS-MED-013 | K25: routine control | L25: Final transition summary continues levothyroxine. | M25: Pharmacist | N25: 46219 | O25: Ready if evidence aligns
A26: MED-027 | B26: sertraline 50 mg tablet | C26: KEEP | D26: LOW | E26: Admission, Patient, Pharmacy, Final summary | F26: sertraline 50 mg tablet | G26: sertraline 50 mg daily | H26: sertraline 50 mg tablet | I26: DCS-MED-014 | J26: DCS-MED-014 | K26: routine control | L26: Final transition summary continues sertraline. | M26: Pharmacist | N26: 46219 | O26: Ready if evidence aligns
A27: MED-028 | B27: trazodone 50 mg tablet | C27: STOP | D27: LOW | E27: Admission, Patient, Pharmacy, Final summary | F27: trazodone 50 mg tablet | G27: trazodone 50 mg at bedtime if needed | H27: trazodone 50 mg tablet | I27: DCS-STOP-011 | J27: DCS-STOP-011 | K27: routine control | L27: Final transition summary stops trazodone despite patient and pharmacy history. | M27: Pharmacist | N27: 46219 | O27: Profile/counsel stop
A28: MED-029 | B28: vitamin D3 2,000 unit capsule | C28: KEEP | D28: LOW | E28: Admission, Patient, Final summary | F28: vitamin D3 2,000 unit capsule | G28: vitamin D 2000 IU daily | I28: DCS-MED-015 | J28: DCS-MED-015 | K28: routine control | L28: Final transition summary continues vitamin D3. | M28: Pharmacist | N28: 46219 | O28: Ready if evidence aligns
A29: MED-030 | B29: fish oil 1,000 mg capsule | C29: STOP | D29: LOW | E29: Patient, Final summary | G29: fish oil 1,000 mg daily | I29: DCS-STOP-012 | J29: PTL-0713-030; DCS-SUPP-RULE | K29: surplus or overage | L29: Patient-only supplement is not carried forward in the final transition summary. | M29: Pharmacist | N29: 46219 | O29: Profile/counsel stop
A30: MED-031 | B30: multivitamin tablet | C30: KEEP | D30: LOW | E30: Admission, Patient, Final summary | F30: multivitamin tablet | G30: multivitamin 1 tablet daily | I30: DCS-MED-016 | J30: DCS-MED-016 | K30: routine control | L30: Final transition summary continues multivitamin. | M30: Pharmacist | N30: 46219 | O30: Ready if evidence aligns
A31: MED-032 | B31: senna 8.6 mg tablet | C31: KEEP | D31: LOW | E31: Final summary | I31: DCS-MED-017 | J31: DCS-MED-017 | K31: deficit or shortfall | L31: Final transition summary starts senna; absent from home lists. | M31: Pharmacist | N31: 46219 | O31: Ready if evidence aligns
A32: MED-033 | B32: docusate 100 mg capsule | C32: STOP | D32: LOW | E32: Admission, Patient, Pharmacy, Final summary | F32: docusate 100 mg capsule | G32: docusate 100 mg twice daily | H32: docusate 100 mg capsule | I32: DCS-STOP-013 | J32: DCS-STOP-013 | K32: routine control | L32: Final transition summary stops docusate and starts senna separately. | M32: Pharmacist | N32: 46219 | O32: Profile/counsel stop
A33: MED-034 | B33: oxycodone 5 mg tablet | C33: STOP | D33: HIGH | E33: Admission, Patient, Pharmacy, Final summary | F33: oxycodone 5 mg tablet | G33: oxycodone 5 mg only if pain is bad | H33: oxycodone 5 mg tablet | I33: DCS-STOP-014 | J33: DCS-STOP-014 | K33: surplus or overage | L33: Final transition summary stops the prior acute opioid order. | M33: Pharmacist | N33: 46218 | O33: Same-day pharmacist review
A34: MED-035 | B34: gabapentin 300 mg capsule | C34: KEEP | D34: LOW | E34: Admission, Patient, Pharmacy, Final summary | F34: gabapentin 300 mg capsule | G34: gabapentin 300 mg three times a day | H34: gabapentin 300 mg capsule | I34: DCS-MED-018 | J34: DCS-MED-018 | K34: routine control | L34: Final transition summary continues gabapentin. | M34: Pharmacist | N34: 46219 | O34: Ready if evidence aligns
A35: MED-037 | B35: nitroglycerin 0.4 mg SL tablet | C35: KEEP | D35: MED | E35: Admission, Patient, Pharmacy, Final summary | F35: nitroglycerin 0.4 mg sublingual tablet | G35: nitro tabs 0.4 mg under tongue if chest pain | H35: nitroglycerin 0.4 mg SL tablet | I35: DCS-MED-019 | J35: DCS-MED-019 | K35: routine control | L35: Final transition summary continues nitroglycerin as needed. | M35: Pharmacist | N35: 46219 | O35: Ready if evidence aligns
A36: MED-038 | B36: magnesium oxide 400 mg tablet | C36: CLARIFY | D36: LOW | E36: Admission, Patient, Pharmacy, Queue/clarification | F36: magnesium oxide 400 mg tablet | G36: magnesium oxide 400 mg daily | H36: magnesium oxide 400 mg tablet | J36: PTL-0713-038; RXH-0714-038; EML-20260714-1510 | K36: missing evidence | L36: Patient and pharmacy rows exist, but final transition summary does not address it and email asks pharmacy to clarify rather than infer. | M36: Discharging service | N36: 46219 | O36: Open clarification | P36: Ask discharging service whether magnesium oxide should continue.

Sheet Source_Crosswalk
A1: Medication_ID | B1: Resolved_Medication | C1: Admission_Variant | D1: Portal_Variants | E1: Pharmacy_Variant | F1: Discharge_Variant | G1: Normalization_Basis | H1: Do_Not_Merge_With | I1: Output_Action
A2: MED-001 | B2: apixaban 5 mg tablet | C2: Eliquis 5 mg tablet | E2: apixaban 5 mg tablet | F2: apixaban 5 mg tablet | G2: Direct medication identity retained. | I2: KEEP
A3: MED-002 | B3: warfarin 5 mg tablet | C3: warfarin 5 mg tablet | D3: warfarin 5 mg once every evening | E3: warfarin sodium 5 mg tablet | F3: warfarin 5 mg tablet | G3: Direct medication identity retained. | I3: STOP
A4: MED-003 | B4: metoprolol tartrate 50 mg tablet | C4: metoprolol tartrate 50 mg tablet | D4: metoprolol tartrate 50 mg morning and bedtime; Lopressor 50 mg twice daily | E4: metoprolol tartrate 50 mg tablet | F4: metoprolol tartrate 50 mg tablet | G4: Portal duplicate collapsed: metoprolol tartrate and Lopressor are the same immediate-release product. | H4: metoprolol succinate ER 100 mg tablet | I4: STOP
A5: MED-004 | B5: metoprolol succinate ER 100 mg tablet | F5: metoprolol succinate ER 100 mg tablet | G5: Do not collapse with metoprolol tartrate; final summary changes release form. | H5: metoprolol tartrate 50 mg tablet | I5: CHANGE
A6: MED-005 | B6: lisinopril 20 mg tablet | C6: lisinopril 20 mg tablet | E6: lisinopril 20 mg tablet | F6: lisinopril 20 mg tablet | G6: Direct medication identity retained. | I6: STOP
A7: MED-006 | B7: losartan 50 mg tablet | F7: losartan 50 mg tablet | G7: Direct medication identity retained. | I7: CHANGE
A8: MED-007 | B8: insulin glargine-yfgn U-100 pen | C8: Lantus SoloStar U-100 insulin pen | D8: Lantus insulin pen 28 units every night | E8: Basaglar KwikPen U-100 | F8: insulin glargine-yfgn U-100 pen | G8: FG-SUB-001 collapses Lantus/Basaglar/glargine-yfgn U-100; final-summary units control. | I8: CHANGE
A9: MED-009 | B9: insulin lispro U-100 pen | C9: Humalog KwikPen U-100 | D9: Humalog 6 units with meals | E9: insulin lispro U-100 pen | F9: insulin lispro U-100 pen | G9: Direct medication identity retained. | I9: KEEP
A10: MED-010 | B10: metformin ER 500 mg tablet | C10: metformin ER 500 mg tablet | D10: metformin ER 500 mg twice a day | E10: metformin ER 500 mg tablet | F10: metformin ER 500 mg tablet | G10: Direct medication identity retained. | I10: STOP
A11: MED-011 | B11: furosemide 40 mg tablet | C11: furosemide 20 mg tablet | D11: water pill - furosemide 20 mg every morning | E11: furosemide 20 mg tablet | F11: furosemide 40 mg tablet | G11: Direct medication identity retained. | I11: CHANGE
A12: MED-012 | B12: potassium chloride ER 20 mEq tablet | C12: potassium chloride ER 20 mEq tablet | D12: Klor-Con M20 20 mEq daily | E12: Klor-Con M20 tablet | F12: potassium chloride ER 20 mEq tablet | G12: FG-SUB-004 collapses Klor-Con M20 with potassium chloride ER 20 mEq. | I12: KEEP
A13: MED-013 | B13: spironolactone 25 mg tablet | C13: spironolactone 25 mg tablet | D13: spironolactone 25 mg every morning | E13: spironolactone 25 mg tablet | G13: Direct medication identity retained. | I13: CLARIFY
A14: MED-014 | B14: aspirin 81 mg EC tablet | C14: aspirin EC 81 mg tablet | D14: baby aspirin 81 mg daily | F14: aspirin 81 mg EC tablet | G14: Direct medication identity retained. | I14: STOP
A15: MED-015 | B15: clopidogrel 75 mg tablet | E15: clopidogrel 75 mg tablet | F15: clopidogrel 75 mg tablet | G15: Direct medication identity retained. | I15: STOP
A16: MED-016 | B16: albuterol HFA inhaler | C16: albuterol HFA 90 mcg inhaler | D16: Ventolin rescue inhaler 90 mcg 2 puffs when wheezy | E16: ProAir HFA 90 mcg inhaler | F16: albuterol HFA inhaler | G16: FG-SUB-003 collapses Ventolin/ProAir/generic albuterol HFA. | I16: KEEP
A17: MED-017 | B17: fluticasone-salmeterol 250/50 Diskus | C17: Advair Diskus 250/50 | D17: Advair 250/50 1 puff morning and night | E17: fluticasone-salmeterol 250/50 Diskus | F17: fluticasone-salmeterol 250/50 Diskus | G17: Direct medication identity retained. | I17: KEEP
A18: MED-018 | B18: prednisone 10 mg tablet taper | C18: prednisone 10 mg tablet | D18: prednisone 10 mg not sure | E18: prednisone 10 mg tablet | F18: prednisone 10 mg tablet taper | G18: Direct medication identity retained. | I18: STOP
A19: MED-020 | B19: amoxicillin-clavulanate 875/125 mg tablet | C19: amoxicillin-clavulanate 875/125 mg tablet | E19: amoxicillin-clavulanate 875/125 mg tablet | F19: amoxicillin-clavulanate 875/125 mg tablet | G19: Direct medication identity retained. | I19: STOP
A20: MED-021 | B20: naproxen 500 mg tablet | C20: naproxen 500 mg tablet | D20: naproxen 500 mg when joints hurt | F20: naproxen 500 mg tablet | G20: Direct medication identity retained. | I20: STOP
A21: MED-022 | B21: acetaminophen 500 mg tablet | C21: acetaminophen 500 mg tablet | D21: Tylenol 500 mg 2 tablets when needed | F21: acetaminophen 500 mg tablet | G21: Direct medication identity retained. | I21: KEEP
A22: MED-023 | B22: omeprazole 20 mg capsule | C22: omeprazole 20 mg capsule | D22: omeprazole 20 mg daily before breakfast | E22: omeprazole 20 mg capsule | F22: pantoprazole 40 mg tablet | G22: FG-SUB-002 maps pantoprazole 40 mg to outpatient omeprazole 20 mg; draft rabeprazole is rejected. | I22: CHANGE
A23: MED-024 | B23: atorvastatin 40 mg tablet | C23: atorvastatin 40 mg tablet | D23: atorvastatin 40 mg nightly | E23: atorvastatin 40 mg tablet | F23: atorvastatin 40 mg tablet | G23: FG-SUB-EXCL-01 prevents class-level statin collapse. | H23: rosuvastatin 20 mg tablet | I23: STOP
A24: MED-025 | B24: rosuvastatin 20 mg tablet | F24: rosuvastatin 20 mg tablet | G24: FG-SUB-EXCL-01 treats rosuvastatin as a separate discharge start. | H24: atorvastatin 40 mg tablet | I24: CHANGE
A25: MED-026 | B25: levothyroxine 75 mcg tablet | C25: levothyroxine 75 mcg tablet | D25: levothyroxine 75 mcg early morning | E25: levothyroxine 75 mcg tablet | F25: levothyroxine 75 mcg tablet | G25: Direct medication identity retained. | I25: KEEP
A26: MED-027 | B26: sertraline 50 mg tablet | C26: sertraline 50 mg tablet | D26: sertraline 50 mg daily | E26: sertraline 50 mg tablet | F26: sertraline 50 mg tablet | G26: Direct medication identity retained. | I26: KEEP
A27: MED-028 | B27: trazodone 50 mg tablet | C27: trazodone 50 mg tablet | D27: trazodone 50 mg at bedtime if needed | E27: trazodone 50 mg tablet | F27: trazodone 50 mg tablet | G27: Direct medication identity retained. | I27: STOP
A28: MED-029 | B28: vitamin D3 2,000 unit capsule | C28: vitamin D3 2,000 unit capsule | D28: vitamin D 2000 IU daily | F28: vitamin D3 2,000 unit capsule | G28: Direct medication identity retained. | I28: KEEP
A29: MED-030 | B29: fish oil 1,000 mg capsule | D29: fish oil 1,000 mg daily | F29: fish oil 1,000 mg capsule | G29: Direct medication identity retained. | I29: STOP
A30: MED-031 | B30: multivitamin tablet | C30: multivitamin tablet | D30: multivitamin 1 tablet daily | F30: multivitamin tablet | G30: Direct medication identity retained. | I30: KEEP
A31: MED-032 | B31: senna 8.6 mg tablet | F31: senna 8.6 mg tablet | G31: Direct medication identity retained. | I31: KEEP
A32: MED-033 | B32: docusate 100 mg capsule | C32: docusate 100 mg capsule | D32: docusate 100 mg twice daily | E32: docusate 100 mg capsule | F32: docusate 100 mg capsule | G32: Direct medication identity retained. | I32: STOP
A33: MED-034 | B33: oxycodone 5 mg tablet | C33: oxycodone 5 mg tablet | D33: oxycodone 5 mg only if pain is bad | E33: oxycodone 5 mg tablet | F33: oxycodone 5 mg tablet | G33: Direct medication identity retained. | I33: STOP
A34: MED-035 | B34: gabapentin 300 mg capsule | C34: gabapentin 300 mg capsule | D34: gabapentin 300 mg three times a day | E34: gabapentin 300 mg capsule | F34: gabapentin 300 mg capsule | G34: Direct medication identity retained. | I34: KEEP
A35: MED-037 | B35: nitroglycerin 0.4 mg SL tablet | C35: nitroglycerin 0.4 mg sublingual tablet | D35: nitro tabs 0.4 mg under tongue if chest pain | E35: nitroglycerin 0.4 mg SL tablet | F35: nitroglycerin 0.4 mg SL tablet | G35: Direct medication identity retained. | I35: KEEP
A36: MED-038 | B36: magnesium oxide 400 mg tablet | C36: magnesium oxide 400 mg tablet | D36: magnesium oxide 400 mg daily | E36: magnesium oxide 400 mg tablet | G36: Direct medication identity retained. | I36: CLARIFY

Sheet Timeline
A1: Event_Time | B1: Evidence_ID | C1: Record_Type | D1: Event_Summary | E1: Authority_Rank | F1: Effect_On_Register
A2: 2026-07-10 08:12 | B2: ADMEXP-20260712-4419 | C2: Admission source | D2: home medication history captured for index case | E2: 6 | F2: establishes retained history
A3: 2026-07-12 14:22 | B3: ALG-ACEI-20260712 | C3: Allergy update | D3: lisinopril angioedema verified as active severe allergy | E3: 3 | F3: lisinopril STOP
A4: 2026-07-13 09:15 | B4: PTLEXP-20260713-0915 | C4: Patient source | D4: portal list captures patient-entered duplicates and OTC/supplement rows | E4: 6 | F4: duplicate/surplus review
A5: 2026-07-13 11:05 | B5: RCQ-7714 | C5: Queue | D5: preliminary warfarin keep row entered before final summary | E5: 7 | F5: superseded decoy
A6: 2026-07-13 16:40 | B6: DCS-744201-FINAL | C6: Final summary | D6: signed discharge medication section becomes controlling source | E6: 1 | F6: final keep/change/stop actions
A7: 2026-07-14 08:21 | B7: RCQ-7732 | C7: Queue | D7: spironolactone active profile but absent from final summary | E7: 7 | F7: open clarification
A8: 2026-07-14 08:24 | B8: RCQ-7737 | C8: Queue | D8: magnesium oxide active profile and portal row absent from final summary | E8: 7 | F8: open clarification
A9: 2026-07-14 15:10 | B9: EML-20260714-1510 | C9: Clarification | D9: prescriber confirms potassium chloride continuation and leaves spironolactone/magnesium unresolved | E9: 2 | F9: potassium KEEP; two CLARIFY rows remain
A10: 2026-07-14 17:05 | B10: RCQ-7751 | C10: Queue | D10: PPI substitution row closed using approved formulary guide | E10: 4 | F10: omeprazole CHANGE
A11: 2026-07-15 09:00 | B11: FG-2026-04-R4.2 | C11: Controlled reference | D11: approved revision remains effective; draft R4.3 not active | E11: 4 | F11: reject rabeprazole/class substitutions

Sheet Risk_Matrix
A1: Action count | B1: Formula count | D1: Risk x action
A2: KEEP | B2: =COUNTIF(Action_Register!$C$2:$C$36,A2) -> 13
A3: CHANGE | B3: =COUNTIF(Action_Register!$C$2:$C$36,A3) -> 6 | D3: Risk_Tier | E3: KEEP | F3: CHANGE | G3: STOP | H3: CLARIFY
A4: STOP | B4: =COUNTIF(Action_Register!$C$2:$C$36,A4) -> 14 | D4: HIGH | E4: =COUNTIFS(Action_Register!$D$2:$D$36,$D4,Action_Register!$C$2:$C$36,E3) -> 2 | F4: =COUNTIFS(Action_Register!$D$2:$D$36,$D4,Action_Register!$C$2:$C$36,F3) -> 1 | G4: =COUNTIFS(Action_Register!$D$2:$D$36,$D4,Action_Register!$C$2:$C$36,G3) -> 5 | H4: =COUNTIFS(Action_Register!$D$2:$D$36,$D4,Action_Register!$C$2:$C$36,H3) -> 0
A5: CLARIFY | B5: =COUNTIF(Action_Register!$C$2:$C$36,A5) -> 2 | D5: MED | E5: =COUNTIFS(Action_Register!$D$2:$D$36,$D5,Action_Register!$C$2:$C$36,E3) -> 2 | F5: =COUNTIFS(Action_Register!$D$2:$D$36,$D5,Action_Register!$C$2:$C$36,F3) -> 3 | G5: =COUNTIFS(Action_Register!$D$2:$D$36,$D5,Action_Register!$C$2:$C$36,G3) -> 4 | H5: =COUNTIFS(Action_Register!$D$2:$D$36,$D5,Action_Register!$C$2:$C$36,H3) -> 1
D6: LOW | E6: =COUNTIFS(Action_Register!$D$2:$D$36,$D6,Action_Register!$C$2:$C$36,E3) -> 9 | F6: =COUNTIFS(Action_Register!$D$2:$D$36,$D6,Action_Register!$C$2:$C$36,F3) -> 2 | G6: =COUNTIFS(Action_Register!$D$2:$D$36,$D6,Action_Register!$C$2:$C$36,G3) -> 5 | H6: =COUNTIFS(Action_Register!$D$2:$D$36,$D6,Action_Register!$C$2:$C$36,H3) -> 1

Sheet Status_View
A1: Action | B1: Count | C1: Medication_IDs | D1: Operational_Next_Step
A2: KEEP | B2: 13 | C2: MED-001, MED-009, MED-012, MED-016, MED-017, MED-022, MED-026, MED-027, MED-029, MED-031, MED-032, MED-035, MED-037 | D2: Prepare/continue fill only after crosswalk evidence aligns.
A3: CHANGE | B3: 6 | C3: MED-004, MED-006, MED-007, MED-011, MED-023, MED-025 | D3: Verify changed order and remove superseded profile rows.
A4: STOP | B4: 14 | C4: MED-002, MED-003, MED-005, MED-010, MED-014, MED-015, MED-018, MED-020, MED-021, MED-024, MED-028, MED-030, MED-033, MED-034 | D4: Close/counsel stopped rows and resolve stale fills.
A5: CLARIFY | B5: 2 | C5: MED-013, MED-038 | D5: Send unresolved question to owner before dispensing.

Sheet Formula_Checks
A1: Check | B1: Computed | C1: Expected | D1: Status
A2: Population count | B2: =COUNTA(Action_Register!$A$2:$A$36) -> 35 | C2: 35 | D2: =IF(B2=C2,"OK","CHECK") -> OK
A3: KEEP count | B3: =COUNTIF(Action_Register!$C$2:$C$36,"KEEP") -> 13 | C3: 13 | D3: =IF(B3=C3,"OK","CHECK") -> OK
A4: CHANGE count | B4: =COUNTIF(Action_Register!$C$2:$C$36,"CHANGE") -> 6 | C4: 6 | D4: =IF(B4=C4,"OK","CHECK") -> OK
A5: STOP count | B5: =COUNTIF(Action_Register!$C$2:$C$36,"STOP") -> 14 | C5: 14 | D5: =IF(B5=C5,"OK","CHECK") -> OK
A6: CLARIFY count | B6: =COUNTIF(Action_Register!$C$2:$C$36,"CLARIFY") -> 2 | C6: 2 | D6: =IF(B6=C6,"OK","CHECK") -> OK

Sheet Lookups
A1: Lookup_Type | B1: Value | C1: Meaning
A2: Action | B2: KEEP | C2: Allowed disposition vocabulary
A3: Action | B3: CHANGE | C3: Allowed disposition vocabulary
A4: Action | B4: STOP | C4: Allowed disposition vocabulary
A5: Action | B5: CLARIFY | C5: Allowed disposition vocabulary
A6: Risk_Tier | B6: HIGH | C6: Guide-defined operational risk tier
A7: Risk_Tier | B7: MED | C7: Guide-defined operational risk tier
A8: Risk_Tier | B8: LOW | C8: Guide-defined operational risk tier
A9: Authority | B9: DCS-744201-FINAL | C9: Final signed summary, 2026-07-13 16:40
A10: Authority | B10: EML-20260714-1510 | C10: Latest prescriber clarification
A11: Authority | B11: FG-2026-04-R4.2 | C11: Approved formulary guide effective 2026-07-01
A12: Exclusion | B12: CT-2026-0713-19 | C12: Same-batch pharmacy row outside index case

Sheet Change_Log
A1: Revision | B1: Timestamp | C1: Authoring_Role | D1: Change
A2: 1.0 | B2: 2026-07-15 12:00 | C2: Outpatient pharmacist | D2: Initial final reconciliation package for case CT-2026-0713-18.
